characterID	movieID	movie title	gender
u0	m0	10 things i hate about you	f
u2	m0	10 things i hate about you	m
u4	m0	10 things i hate about you	m
u5	m0	10 things i hate about you	f
u6	m0	10 things i hate about you	f
u7	m0	10 things i hate about you	m
u9	m0	10 things i hate about you	m
u11	m0	10 things i hate about you	m
u16	m1	1492: conquest of paradise	m
u19	m1	1492: conquest of paradise	m
u26	m2	15 minutes	m
u27	m2	15 minutes	f
u29	m2	15 minutes	m
u30	m2	15 minutes	m
u34	m2	15 minutes	m
u35	m2	15 minutes	m
u41	m2	15 minutes	f
u42	m2	15 minutes	m
u50	m3	2001: a space odyssey	m
u56	m3	2001: a space odyssey	m
u60	m3	2001: a space odyssey	m
u67	m4	48 hrs.	m
u68	m4	48 hrs.	f
u71	m4	48 hrs.	m
u78	m5	the fifth element	m
u84	m5	the fifth element	m
u85	m5	the fifth element	f
u100	m6	8mm	f
u103	m6	8mm	m
u105	m6	8mm	m
u106	m6	8mm	m
u108	m6	8mm	m
u109	m6	8mm	M
u110	m6	8mm	M
u114	m6	8mm	m
u115	m7	a nightmare on elm street 4: the dream master	f
u116	m7	a nightmare on elm street 4: the dream master	m
u123	m8	a nightmare on elm street: the dream child	f
u128	m8	a nightmare on elm street: the dream child	m
u130	m8	a nightmare on elm street: the dream child	f
u131	m9	the atomic submarine	m
u132	m9	the atomic submarine	m
u135	m9	the atomic submarine	m
u139	m10	affliction	f
u142	m10	affliction	m
u143	m10	affliction	f
u144	m10	affliction	m
u147	m10	affliction	f
u152	m10	affliction	m
u153	m10	affliction	m
u154	m10	affliction	m
u169	m11	air force one	m
u174	m11	air force one	m
u180	m12	airplane ii: the sequel	f
u191	m12	airplane ii: the sequel	m
u193	m12	airplane ii: the sequel	m
u198	m13	airplane!	f
u214	m13	airplane!	m
u218	m14	alien nation	M
u224	m14	alien nation	m
u229	m15	aliens	m
u230	m15	aliens	m
u232	m15	aliens	m
u236	m15	aliens	f
u237	m15	aliens	f
u244	m16	amadeus	f
u247	m16	amadeus	f
u251	m16	amadeus	m
u252	m16	amadeus	m
u253	m16	amadeus	f
u255	m16	amadeus	m
u257	m16	amadeus	m
u260	m16	amadeus	m
u261	m16	amadeus	m
u266	m16	amadeus	m
u269	m17	an american werewolf in london	f
u274	m17	an american werewolf in london	m
u275	m17	an american werewolf in london	M
u276	m17	an american werewolf in london	m
u286	m18	american madness	m
u287	m18	american madness	m
u288	m18	american madness	m
u292	m18	american madness	f
u297	m18	american madness	m
u299	m18	american madness	f
u306	m19	american outlaws	m
u308	m19	american outlaws	m
u312	m19	american outlaws	m
u313	m19	american outlaws	m
u320	m19	american outlaws	m
u322	m19	american outlaws	m
u323	m19	american outlaws	m
u326	m19	american outlaws	f
u327	m20	american psycho	m
u331	m20	american psycho	f
u333	m20	american psycho	f
u334	m20	american psycho	f
u335	m20	american psycho	m
u336	m20	american psycho	f
u337	m20	american psycho	m
u344	m21	antitrust	f
u349	m21	antitrust	m
u353	m21	antitrust	f
u354	m21	antitrust	m
u360	m22	austin powers: international man of mystery	f
u362	m22	austin powers: international man of mystery	m
u363	m22	austin powers: international man of mystery	m
u367	m22	austin powers: international man of mystery	m
u375	m22	austin powers: international man of mystery	m
u377	m22	austin powers: international man of mystery	f
u380	m23	the avengers	f
u382	m23	the avengers	m
u383	m23	the avengers	m
u387	m23	the avengers	m
u388	m23	the avengers	f
u392	m24	bachelor party	m
u393	m24	bachelor party	f
u403	m24	bachelor party	m
u406	m24	bachelor party	m
u412	m25	backdraft	m
u416	m25	backdraft	f
u417	m25	backdraft	f
u420	m25	backdraft	m
u421	m25	backdraft	m
u425	m26	bad lieutenant	f
u431	m26	bad lieutenant	m
u432	m26	bad lieutenant	m
u439	m27	bamboozled	m
u441	m27	bamboozled	m
u445	m27	bamboozled	m
u447	m27	bamboozled	m
u450	m27	bamboozled	f
u451	m27	bamboozled	M
u452	m27	bamboozled	f
u456	m28	barry lyndon	m
u457	m28	barry lyndon	m
u459	m28	barry lyndon	m
u461	m28	barry lyndon	F
u473	m28	barry lyndon	M
u478	m29	basic	m
u479	m29	basic	m
u480	m29	basic	m
u482	m29	basic	f
u483	m29	basic	m
u485	m29	basic	m
u488	m30	big fish	m
u492	m30	big fish	M
u493	m30	big fish	f
u494	m30	big fish	f
u497	m30	big fish	f
u498	m30	big fish	m
u501	m31	birthday girl	m
u502	m31	birthday girl	f
u504	m31	birthday girl	m
u505	m32	black snake moan	f
u509	m32	black snake moan	m
u511	m32	black snake moan	m
u514	m32	black snake moan	M
u515	m32	black snake moan	f
u516	m32	black snake moan	m
u517	m32	black snake moan	f
u519	m32	black snake moan	m
u520	m33	black rain	m
u523	m33	black rain	f
u525	m33	black rain	m
u526	m33	black rain	m
u529	m34	blade runner	m
u532	m34	blade runner	m
u539	m34	blade runner	f
u540	m34	blade runner	f
u542	m34	blade runner	m
u547	m35	blast from the past	m
u553	m35	blast from the past	m
u556	m35	blast from the past	f
u557	m35	blast from the past	f
u567	m35	blast from the past	m
u570	m36	blue velvet	m
u571	m36	blue velvet	f
u574	m36	blue velvet	m
u580	m36	blue velvet	f
u585	m37	the boondock saints	m
u589	m37	the boondock saints	m
u592	m37	the boondock saints	m
u593	m37	the boondock saints	m
u594	m37	the boondock saints	m
u596	m37	the boondock saints	m
u599	m38	bottle rocket	m
u601	m38	bottle rocket	m
u603	m38	bottle rocket	m
u611	m38	bottle rocket	m
u612	m39	the bourne supremacy	m
u613	m39	the bourne supremacy	m
u616	m39	the bourne supremacy	f
u619	m39	the bourne supremacy	f
u622	m39	the bourne supremacy	f
u623	m39	the bourne supremacy	f
u636	m40	braveheart	f
u638	m40	braveheart	f
u641	m40	braveheart	m
u642	m40	braveheart	m
u643	m41	the butterfly effect	f
u645	m41	the butterfly effect	m
u646	m41	the butterfly effect	m
u650	m41	the butterfly effect	f
u658	m42	casablanca	f
u663	m42	casablanca	m
u664	m42	casablanca	f
u665	m42	casablanca	m
u666	m42	casablanca	m
u667	m42	casablanca	m
u668	m42	casablanca	m
u669	m42	casablanca	m
u671	m42	casablanca	m
u674	m43	cast away	m
u676	m43	cast away	m
u681	m43	cast away	m
u682	m43	cast away	f
u686	m43	cast away	m
u689	m44	the cider house rules	f
u690	m44	the cider house rules	m
u691	m44	the cider house rules	f
u695	m44	the cider house rules	m
u697	m44	the cider house rules	m
u700	m44	the cider house rules	m
u706	m44	the cider house rules	f
u707	m44	the cider house rules	m
u708	m45	confidence	m
u710	m45	confidence	m
u712	m45	confidence	m
u713	m45	confidence	m
u714	m45	confidence	m
u715	m45	confidence	f
u717	m45	confidence	m
u718	m45	confidence	m
u725	m46	croupier	f
u727	m46	croupier	m
u728	m46	croupier	m
u730	m46	croupier	f
u733	m46	croupier	f
u734	m46	croupier	m
u735	m46	croupier	m
u737	m47	dark star	m
u739	m47	dark star	m
u740	m47	dark star	m
u741	m47	dark star	m
u742	m47	dark star	m
u743	m47	dark star	m
u745	m48	dark angel	m
u751	m48	dark angel	M
u752	m48	dark angel	f
u753	m48	dark angel	M
u755	m48	dark angel	f
u756	m48	dark angel	M
u765	m49	detroit rock city	m
u766	m49	detroit rock city	m
u768	m49	detroit rock city	m
u775	m49	detroit rock city	m
u779	m50	donnie darko	m
u781	m50	donnie darko	M
u785	m50	donnie darko	f
u796	m51	drop dead gorgeous	f
u797	m51	drop dead gorgeous	f
u810	m51	drop dead gorgeous	f
u817	m52	duck soup	m
u818	m52	duck soup	m
u820	m52	duck soup	M
u821	m52	duck soup	m
u822	m52	duck soup	m
u824	m53	the elephant man	f
u826	m53	the elephant man	m
u827	m53	the elephant man	m
u832	m53	the elephant man	m
u833	m53	the elephant man	f
u838	m53	the elephant man	m
u839	m54	erik the viking	f
u840	m54	erik the viking	m
u846	m54	erik the viking	f
u848	m54	erik the viking	m
u849	m54	erik the viking	m
u851	m54	erik the viking	m
u854	m54	erik the viking	m
u855	m54	erik the viking	m
u859	m55	eternal sunshine of the spotless mind	f
u861	m55	eternal sunshine of the spotless mind	m
u862	m55	eternal sunshine of the spotless mind	f
u863	m55	eternal sunshine of the spotless mind	m
u864	m55	eternal sunshine of the spotless mind	f
u867	m55	eternal sunshine of the spotless mind	m
u869	m55	eternal sunshine of the spotless mind	m
u872	m56	even cowgirls get the blues	m
u874	m56	even cowgirls get the blues	f
u877	m56	even cowgirls get the blues	f
u878	m56	even cowgirls get the blues	m
u879	m57	event horizon	m
u884	m57	event horizon	m
u885	m57	event horizon	f
u886	m57	event horizon	m
u887	m57	event horizon	f
u888	m57	event horizon	m
u890	m58	fantastic four	m
u893	m58	fantastic four	m
u895	m58	fantastic four	m
u897	m58	fantastic four	f
u899	m58	fantastic four	m
u901	m59	fast times at ridgemont high	m
u904	m59	fast times at ridgemont high	m
u910	m59	fast times at ridgemont high	f
u912	m59	fast times at ridgemont high	m
u914	m59	fast times at ridgemont high	m
u915	m59	fast times at ridgemont high	f
u918	m60	fear and loathing in las vegas	f
u920	m60	fear and loathing in las vegas	m
u921	m60	fear and loathing in las vegas	m
u929	m61	feast	f
u930	m61	feast	m
u935	m61	feast	f
u948	m62	frances	m
u953	m62	frances	m
u955	m62	frances	f
u956	m62	frances	m
u962	m62	frances	f
u967	m62	frances	m
u969	m62	frances	m
u972	m63	frankenstein	f
u976	m63	frankenstein	m
u980	m63	frankenstein	m
u983	m64	friday the 13th	f
u985	m64	friday the 13th	m
u997	m65	from dusk till dawn	m
u998	m65	from dusk till dawn	f
u1003	m65	from dusk till dawn	m
u1005	m65	from dusk till dawn	m
u1008	m66	g.i. jane	m
u1010	m66	g.i. jane	f
u1017	m66	g.i. jane	f
u1019	m66	g.i. jane	m
u1023	m66	g.i. jane	m
u1024	m67	godzilla	m
u1025	m67	godzilla	f
u1032	m67	godzilla	M
u1034	m67	godzilla	M
u1036	m68	galaxy quest	m
u1037	m68	galaxy quest	m
u1041	m68	galaxy quest	f
u1042	m68	galaxy quest	m
u1045	m68	galaxy quest	m
u1047	m68	galaxy quest	m
u1049	m68	galaxy quest	m
u1050	m69	george washington	M
u1054	m69	george washington	m
u1057	m69	george washington	m
u1058	m69	george washington	m
u1059	m69	george washington	f
u1061	m69	george washington	m
u1062	m69	george washington	f
u1064	m69	george washington	M
u1066	m69	george washington	m
u1068	m70	get shorty	m
u1069	m70	get shorty	m
u1070	m70	get shorty	m
u1071	m70	get shorty	m
u1077	m70	get shorty	m
u1078	m70	get shorty	f
u1081	m70	get shorty	m
u1084	m70	get shorty	m
u1086	m71	ghost ship	m
u1087	m71	ghost ship	f
u1088	m71	ghost ship	m
u1089	m71	ghost ship	m
u1092	m72	ghost world	m
u1094	m72	ghost world	f
u1100	m72	ghost world	m
u1106	m72	ghost world	f
u1107	m72	ghost world	f
u1108	m72	ghost world	m
u1112	m73	the ghost and the darkness	m
u1116	m73	the ghost and the darkness	m
u1117	m73	the ghost and the darkness	m
u1118	m73	the ghost and the darkness	m
u1119	m73	the ghost and the darkness	m
u1120	m74	ghostbusters ii	f
u1124	m74	ghostbusters ii	f
u1125	m74	ghostbusters ii	m
u1127	m74	ghostbusters ii	m
u1132	m74	ghostbusters ii	m
u1133	m74	ghostbusters ii	m
u1135	m74	ghostbusters ii	m
u1138	m75	ghostbusters	F
u1149	m75	ghostbusters	M
u1150	m75	ghostbusters	M
u1152	m75	ghostbusters	M
u1155	m76	gladiator	m
u1161	m76	gladiator	f
u1163	m76	gladiator	M
u1164	m76	gladiator	m
u1166	m76	gladiator	f
u1169	m77	the graduate	m
u1172	m77	the graduate	f
u1173	m77	the graduate	m
u1174	m77	the graduate	m
u1176	m77	the graduate	m
u1177	m77	the graduate	f
u1178	m77	the graduate	f
u1179	m77	the graduate	f
u1181	m77	the graduate	m
u1184	m78	grand hotel	m
u1185	m78	grand hotel	m
u1186	m78	grand hotel	m
u1187	m78	grand hotel	m
u1188	m78	grand hotel	f
u1189	m78	grand hotel	m
u1190	m78	grand hotel	f
u1191	m78	grand hotel	m
u1195	m78	grand hotel	m
u1198	m78	grand hotel	m
u1199	m78	grand hotel	f
u1201	m78	grand hotel	m
u1202	m79	the grifters	m
u1210	m79	the grifters	f
u1213	m79	the grifters	f
u1214	m79	the grifters	m
u1215	m79	the grifters	m
u1222	m80	halloween h20: 20 years later	m
u1223	m80	halloween h20: 20 years later	f
u1228	m80	halloween h20: 20 years later	m
u1236	m81	halloween: the curse of michael myers	m
u1239	m81	halloween: the curse of michael myers	m
u1240	m82	happy birthday wanda june	m
u1241	m82	happy birthday wanda june	m
u1243	m82	happy birthday wanda june	m
u1244	m82	happy birthday wanda june	f
u1245	m82	happy birthday wanda june	m
u1248	m82	happy birthday wanda june	M
u1252	m83	hardcore	f
u1255	m83	hardcore	m
u1261	m83	hardcore	m
u1262	m83	hardcore	f
u1266	m83	hardcore	m
u1272	m84	harold and maude	m
u1273	m84	harold and maude	f
u1277	m84	harold and maude	m
u1279	m84	harold and maude	m
u1283	m85	hellbound: hellraiser ii	f
u1284	m85	hellbound: hellraiser ii	m
u1294	m86	hellboy	m
u1299	m86	hellboy	m
u1303	m87	hellraiser	m
u1305	m87	hellraiser	m
u1306	m87	hellraiser	f
u1307	m87	hellraiser	f
u1308	m87	hellraiser	m
u1311	m87	hellraiser	m
u1313	m88	high fidelity	m
u1314	m88	high fidelity	f
u1317	m88	high fidelity	m
u1319	m88	high fidelity	f
u1320	m88	high fidelity	f
u1321	m88	high fidelity	f
u1323	m88	high fidelity	m
u1325	m88	high fidelity	f
u1326	m89	highlander	F
u1327	m89	highlander	M
u1345	m89	highlander	m
u1349	m89	highlander	M
u1351	m89	highlander	M
u1356	m90	his girl friday	m
u1357	m90	his girl friday	m
u1361	m90	his girl friday	m
u1363	m90	his girl friday	M
u1364	m90	his girl friday	f
u1368	m90	his girl friday	m
u1372	m90	his girl friday	m
u1375	m90	his girl friday	m
u1379	m91	hope and glory	m
u1380	m91	hope and glory	f
u1381	m91	hope and glory	f
u1384	m91	hope and glory	m
u1388	m92	house of 1000 corpses	f
u1389	m92	house of 1000 corpses	m
u1392	m92	house of 1000 corpses	f
u1394	m92	house of 1000 corpses	m
u1395	m92	house of 1000 corpses	f
u1404	m93	human nature	f
u1405	m93	human nature	f
u1407	m93	human nature	m
u1409	m93	human nature	m
u1413	m94	the hustler	m
u1415	m94	the hustler	m
u1416	m94	the hustler	m
u1417	m94	the hustler	m
u1418	m94	the hustler	m
u1420	m94	the hustler	f
u1422	m95	i am legend	f
u1424	m95	i am legend	m
u1427	m96	invaders from mars	m
u1429	m96	invaders from mars	m
u1430	m96	invaders from mars	f
u1434	m97	independence day	f
u1435	m97	independence day	m
u1436	m97	independence day	m
u1437	m97	independence day	f
u1440	m97	independence day	m
u1447	m97	independence day	m
u1450	m97	independence day	m
u1452	m98	indiana jones and the last crusade	m
u1454	m98	indiana jones and the last crusade	m
u1455	m98	indiana jones and the last crusade	f
u1456	m98	indiana jones and the last crusade	m
u1457	m98	indiana jones and the last crusade	m
u1463	m99	indiana jones and the temple of doom	m
u1468	m99	indiana jones and the temple of doom	f
u1469	m100	innerspace	m
u1475	m100	innerspace	M
u1479	m100	innerspace	F
u1490	m101	the insider	m
u1497	m101	the insider	f
u1499	m101	the insider	m
u1502	m101	the insider	m
u1505	m101	the insider	f
u1510	m101	the insider	m
u1513	m102	intolerable cruelty	m
u1517	m102	intolerable cruelty	M
u1519	m102	intolerable cruelty	f
u1520	m102	intolerable cruelty	m
u1523	m102	intolerable cruelty	m
u1525	m102	intolerable cruelty	f
u1529	m102	intolerable cruelty	m
u1530	m103	it happened one night	f
u1535	m103	it happened one night	f
u1539	m103	it happened one night	m
u1548	m103	it happened one night	m
u1552	m103	it happened one night	m
u1556	m104	jfk	m
u1558	m104	jfk	m
u1561	m104	jfk	m
u1568	m104	jfk	m
u1572	m104	jfk	f
u1574	m104	jfk	m
u1577	m104	jfk	m
u1585	m104	jfk	m
u1586	m104	jfk	f
u1588	m104	jfk	f
u1591	m105	jackie brown	m
u1592	m105	jackie brown	m
u1593	m105	jackie brown	f
u1594	m105	jackie brown	m
u1595	m105	jackie brown	m
u1596	m105	jackie brown	f
u1597	m105	jackie brown	m
u1598	m105	jackie brown	m
u1608	m106	jacob's ladder	m
u1612	m106	jacob's ladder	m
u1614	m106	jacob's ladder	f
u1616	m106	jacob's ladder	m
u1617	m106	jacob's ladder	m
u1620	m106	jacob's ladder	m
u1630	m107	jason x	m
u1635	m107	jason x	f
u1642	m108	jaws	m
u1646	m108	jaws	f
u1649	m108	jaws	m
u1652	m108	jaws	m
u1653	m108	jaws	m
u1654	m109	juno	m
u1656	m109	juno	f
u1660	m109	juno	f
u1661	m109	juno	f
u1662	m109	juno	f
u1663	m109	juno	m
u1668	m109	juno	f
u1670	m110	kalifornia	f
u1672	m110	kalifornia	m
u1674	m110	kalifornia	f
u1675	m110	kalifornia	m
u1679	m111	kids	m
u1680	m111	kids	f
u1685	m111	kids	f
u1691	m111	kids	f
u1695	m111	kids	m
u1696	m111	kids	m
u1698	m112	knight moves	m
u1701	m112	knight moves	m
u1703	m112	knight moves	m
u1706	m112	knight moves	f
u1708	m112	knight moves	m
u1712	m113	krull	m
u1715	m113	krull	f
u1720	m113	krull	m
u1724	m113	krull	f
u1725	m113	krull	m
u1728	m114	léon	m
u1730	m114	léon	f
u1736	m115	labor of love	f
u1741	m115	labor of love	F
u1748	m115	labor of love	M
u1755	m116	leaving las vegas	m
u1758	m116	leaving las vegas	f
u1763	m117	legally blonde	f
u1767	m117	legally blonde	f
u1768	m117	legally blonde	m
u1772	m117	legally blonde	f
u1774	m117	legally blonde	f
u1779	m117	legally blonde	m
u1782	m118	legend	M
u1784	m118	legend	m
u1785	m118	legend	m
u1786	m118	legend	F
u1788	m118	legend	f
u1790	m118	legend	f
u1794	m119	life as a house	f
u1796	m119	life as a house	m
u1799	m119	life as a house	m
u1803	m119	life as a house	m
u1804	m119	life as a house	f
u1806	m119	life as a house	m
u1811	m120	the life of david gale	M
u1827	m120	the life of david gale	M
u1835	m121	little nicky	f
u1836	m121	little nicky	m
u1839	m121	little nicky	m
u1846	m121	little nicky	m
u1852	m121	little nicky	f
u1854	m122	logan's run	m
u1856	m122	logan's run	m
u1858	m122	logan's run	f
u1859	m122	logan's run	m
u1862	m122	logan's run	m
u1868	m123	lost highway	f
u1877	m123	lost highway	m
u1881	m123	lost highway	m
u1883	m123	lost highway	m
u1885	m123	lost highway	f
u1886	m123	lost highway	f
u1890	m124	lost horizon	m
u1891	m124	lost horizon	m
u1893	m124	lost horizon	m
u1894	m124	lost horizon	m
u1898	m124	lost horizon	m
u1900	m124	lost horizon	f
u1904	m125	men in black	M
u1906	m125	men in black	M
u1907	m125	men in black	f
u1913	m125	men in black	m
u1915	m126	minority report	f
u1916	m126	minority report	m
u1918	m126	minority report	m
u1919	m126	minority report	m
u1922	m126	minority report	m
u1925	m126	minority report	f
u1926	m126	minority report	m
u1928	m126	minority report	f
u1931	m126	minority report	m
u1934	m126	minority report	m
u1940	m127	made	m
u1947	m127	made	m
u1948	m127	made	f
u1951	m127	made	m
u1952	m127	made	m
u1955	m127	made	m
u1957	m128	malcolm x	m
u1958	m128	malcolm x	M
u1961	m128	malcolm x	f
u1971	m128	malcolm x	m
u1978	m128	malcolm x	m
u1983	m129	man on fire	m
u1990	m129	man on fire	f
u1991	m129	man on fire	m
u1992	m129	man on fire	F
u1993	m129	man on fire	m
u2001	m130	marty	m
u2003	m130	marty	f
u2004	m130	marty	f
u2010	m130	marty	m
u2012	m130	marty	F
u2018	m131	mash	m
u2021	m131	mash	m
u2030	m131	mash	m
u2034	m131	mash	m
u2036	m132	meet john doe	f
u2037	m132	meet john doe	m
u2041	m132	meet john doe	m
u2045	m132	meet john doe	m
u2048	m132	meet john doe	f
u2061	m133	metro	m
u2064	m133	metro	f
u2065	m133	metro	m
u2066	m133	metro	m
u2074	m134	metropolis	f
u2104	m136	mobsters	m
u2105	m136	mobsters	m
u2109	m136	mobsters	m
u2119	m137	monkeybone	m
u2120	m137	monkeybone	f
u2123	m137	monkeybone	m
u2124	m137	monkeybone	m
u2127	m138	my mother dreams the satan's disciples in new york	f
u2130	m138	my mother dreams the satan's disciples in new york	f
u2134	m139	mr. smith goes to washington	m
u2135	m139	mr. smith goes to washington	f
u2137	m139	mr. smith goes to washington	m
u2138	m139	mr. smith goes to washington	m
u2141	m139	mr. smith goes to washington	m
u2144	m139	mr. smith goes to washington	m
u2147	m139	mr. smith goes to washington	f
u2150	m139	mr. smith goes to washington	f
u2151	m139	mr. smith goes to washington	m
u2157	m140	mr. deeds goes to town	f
u2160	m140	mr. deeds goes to town	m
u2162	m140	mr. deeds goes to town	m
u2163	m140	mr. deeds goes to town	m
u2169	m140	mr. deeds goes to town	m
u2173	m140	mr. deeds goes to town	m
u2175	m140	mr. deeds goes to town	f
u2176	m140	mr. deeds goes to town	m
u2183	m140	mr. deeds goes to town	m
u2184	m141	mumford	f
u2188	m141	mumford	m
u2190	m141	mumford	m
u2192	m141	mumford	f
u2196	m141	mumford	m
u2197	m141	mumford	f
u2199	m141	mumford	m
u2200	m141	mumford	f
u2202	m142	the mummy	m
u2205	m142	the mummy	f
u2208	m142	the mummy	m
u2209	m142	the mummy	m
u2215	m143	mystery men	m
u2218	m143	mystery men	f
u2220	m143	mystery men	m
u2221	m143	mystery men	m
u2224	m144	napoleon	m
u2236	m144	napoleon	m
u2237	m144	napoleon	f
u2238	m144	napoleon	m
u2239	m144	napoleon	f
u2242	m144	napoleon	f
u2244	m144	napoleon	m
u2253	m145	next friday	m
u2256	m145	next friday	m
u2261	m145	next friday	f
u2263	m145	next friday	m
u2265	m145	next friday	m
u2267	m145	next friday	m
u2270	m146	nick of time	f
u2271	m146	nick of time	m
u2272	m146	nick of time	m
u2275	m146	nick of time	m
u2280	m147	the night of the hunter	m
u2286	m147	the night of the hunter	f
u2287	m147	the night of the hunter	m
u2288	m147	the night of the hunter	f
u2292	m147	the night of the hunter	m
u2295	m148	a nightmare on elm street	m
u2297	m148	a nightmare on elm street	f
u2299	m148	a nightmare on elm street	f
u2304	m149	ninotchka	f
u2305	m149	ninotchka	m
u2309	m149	ninotchka	m
u2310	m149	ninotchka	m
u2312	m149	ninotchka	m
u2314	m149	ninotchka	f
u2315	m149	ninotchka	m
u2319	m149	ninotchka	m
u2320	m149	ninotchka	f
u2324	m150	nixon	m
u2325	m150	nixon	m
u2326	m150	nixon	m
u2327	m150	nixon	m
u2330	m150	nixon	M
u2331	m150	nixon	m
u2333	m150	nixon	m
u2334	m150	nixon	m
u2339	m150	nixon	m
u2340	m150	nixon	m
u2341	m150	nixon	f
u2343	m150	nixon	m
u2350	m151	no country for old men	m
u2351	m151	no country for old men	f
u2352	m151	no country for old men	m
u2355	m151	no country for old men	m
u2360	m151	no country for old men	m
u2363	m151	no country for old men	m
u2365	m151	no country for old men	m
u2366	m151	no country for old men	m
u2368	m152	nurse betty	m
u2369	m152	nurse betty	f
u2371	m152	nurse betty	m
u2374	m152	nurse betty	m
u2378	m152	nurse betty	f
u2379	m152	nurse betty	M
u2384	m152	nurse betty	f
u2386	m152	nurse betty	f
u2387	m152	nurse betty	m
u2388	m152	nurse betty	f
u2389	m152	nurse betty	m
u2392	m153	o brother where art thou?	m
u2394	m153	o brother where art thou?	m
u2400	m153	o brother where art thou?	f
u2401	m153	o brother where art thou?	m
u2405	m154	an officer and a gentleman	m
u2408	m154	an officer and a gentleman	m
u2411	m154	an officer and a gentleman	f
u2412	m154	an officer and a gentleman	f
u2414	m154	an officer and a gentleman	m
u2415	m154	an officer and a gentleman	m
u2416	m155	panic room	m
u2419	m155	panic room	m
u2421	m155	panic room	f
u2422	m155	panic room	m
u2423	m155	panic room	f
u2428	m156	panther	m
u2429	m156	panther	m
u2435	m156	panther	m
u2436	m156	panther	m
u2442	m156	panther	m
u2447	m157	the patriot	m
u2448	m157	the patriot	m
u2452	m157	the patriot	M
u2460	m158	pet sematary	f
u2461	m158	pet sematary	m
u2462	m158	pet sematary	m
u2464	m158	pet sematary	f
u2466	m159	pirates of the caribbean	m
u2467	m159	pirates of the caribbean	f
u2470	m159	pirates of the caribbean	m
u2476	m159	pirates of the caribbean	M
u2481	m160	plastic man	M
u2484	m160	plastic man	F
u2485	m161	platinum blonde	F
u2487	m161	platinum blonde	m
u2488	m161	platinum blonde	m
u2489	m161	platinum blonde	f
u2490	m161	platinum blonde	m
u2495	m161	platinum blonde	m
u2496	m162	pleasantville	f
u2499	m162	pleasantville	m
u2502	m162	pleasantville	m
u2503	m162	pleasantville	M
u2504	m162	pleasantville	m
u2506	m162	pleasantville	f
u2507	m162	pleasantville	f
u2511	m163	punch-drunk love	m
u2514	m163	punch-drunk love	m
u2516	m163	punch-drunk love	f
u2518	m163	punch-drunk love	f
u2519	m163	punch-drunk love	m
u2521	m163	punch-drunk love	f
u2522	m163	punch-drunk love	m
u2524	m163	punch-drunk love	f
u2532	m164	quills	m
u2538	m164	quills	f
u2541	m164	quills	f
u2542	m164	quills	m
u2544	m164	quills	m
u2546	m165	rko 281	f
u2547	m165	rko 281	m
u2550	m165	rko 281	m
u2551	m165	rko 281	f
u2554	m165	rko 281	m
u2557	m165	rko 281	m
u2563	m166	raging bull	m
u2564	m166	raging bull	m
u2569	m166	raging bull	f
u2572	m167	rear window	m
u2574	m167	rear window	m
u2575	m167	rear window	f
u2578	m167	rear window	f
u2583	m168	rebel without a cause	m
u2585	m168	rebel without a cause	m
u2586	m168	rebel without a cause	f
u2589	m168	rebel without a cause	f
u2592	m168	rebel without a cause	m
u2593	m168	rebel without a cause	m
u2595	m169	reindeer games	f
u2596	m169	reindeer games	m
u2600	m169	reindeer games	m
u2603	m169	reindeer games	m
u2609	m170	reservoir dogs	m
u2610	m170	reservoir dogs	m
u2611	m170	reservoir dogs	m
u2612	m170	reservoir dogs	m
u2616	m170	reservoir dogs	m
u2617	m170	reservoir dogs	m
u2618	m170	reservoir dogs	m
u2621	m171	roughshod	m
u2627	m171	roughshod	f
u2629	m171	roughshod	f
u2632	m171	roughshod	m
u2636	m172	scary movie 2	m
u2637	m172	scary movie 2	f
u2638	m172	scary movie 2	m
u2644	m172	scary movie 2	m
u2646	m172	scary movie 2	m
u2651	m173	serial mom	m
u2654	m173	serial mom	f
u2657	m173	serial mom	f
u2667	m174	the seventh victim	m
u2670	m174	the seventh victim	f
u2671	m174	the seventh victim	m
u2673	m174	the seventh victim	m
u2674	m174	the seventh victim	m
u2675	m174	the seventh victim	f
u2680	m174	the seventh victim	f
u2687	m175	sex lies and videotape	f
u2688	m175	sex lies and videotape	f
u2690	m175	sex lies and videotape	M
u2691	m175	sex lies and videotape	m
u2692	m175	sex lies and videotape	m
u2704	m176	shivers	m
u2705	m176	shivers	m
u2711	m177	shock treatment	f
u2723	m177	shock treatment	m
u2735	m178	sideways	m
u2737	m178	sideways	f
u2738	m178	sideways	m
u2742	m178	sideways	f
u2746	m179	signs	m
u2747	m179	signs	m
u2748	m179	signs	m
u2749	m179	signs	f
u2751	m180	silverado	m
u2762	m180	silverado	m
u2766	m180	silverado	f
u2768	m181	simone	F
u2784	m181	simone	M
u2786	m182	the sixth sense	m
u2788	m182	the sixth sense	f
u2789	m182	the sixth sense	m
u2797	m183	slash	m
u2800	m183	slash	m
u2803	m183	slash	f
u2804	m184	slither	m
u2807	m184	slither	f
u2812	m184	slither	f
u2815	m185	smokey and the bandit	m
u2817	m185	smokey and the bandit	m
u2820	m185	smokey and the bandit	F
u2828	m186	smokin' aces	m
u2834	m186	smokin' aces	m
u2835	m186	smokin' aces	m
u2836	m186	smokin' aces	m
u2838	m186	smokin' aces	m
u2839	m186	smokin' aces	m
u2841	m186	smokin' aces	m
u2843	m186	smokin' aces	f
u2844	m186	smokin' aces	f
u2847	m187	solaris	m
u2848	m187	solaris	f
u2850	m187	solaris	m
u2851	m188	someone to watch over me	f
u2852	m188	someone to watch over me	f
u2856	m188	someone to watch over me	m
u2860	m188	someone to watch over me	m
u2864	m189	spider-man	m
u2871	m189	spider-man	F
u2873	m189	spider-man	f
u2876	m189	spider-man	m
u2879	m189	spider-man	m
u2884	m190	stalag 17	m
u2888	m190	stalag 17	m
u2889	m190	stalag 17	m
u2892	m190	stalag 17	m
u2894	m190	stalag 17	m
u2895	m190	stalag 17	M
u2899	m191	star trek: generations	m
u2901	m191	star trek: generations	f
u2904	m191	star trek: generations	m
u2906	m191	star trek: generations	m
u2914	m192	star trek iii: the search for spock	m
u2916	m192	star trek iii: the search for spock	m
u2918	m192	star trek iii: the search for spock	m
u2923	m192	star trek iii: the search for spock	f
u2924	m192	star trek iii: the search for spock	m
u2928	m192	star trek iii: the search for spock	m
u2932	m193	star trek: the wrath of khan	M
u2935	m193	star trek: the wrath of khan	m
u2938	m193	star trek: the wrath of khan	m
u2940	m193	star trek: the wrath of khan	f
u2943	m193	star trek: the wrath of khan	m
u2951	m194	star trek iv: the voyage home	m
u2957	m194	star trek iv: the voyage home	f
u2958	m194	star trek iv: the voyage home	m
u2966	m194	star trek iv: the voyage home	m
u2967	m194	star trek iv: the voyage home	m
u2971	m195	star trek: insurrection	f
u2972	m195	star trek: insurrection	m
u2974	m195	star trek: insurrection	m
u2975	m195	star trek: insurrection	m
u2980	m195	star trek: insurrection	m
u2982	m195	star trek: insurrection	m
u2987	m195	star trek: insurrection	f
u2988	m195	star trek: insurrection	m
u2991	m196	star trek: first contact	f
u2992	m196	star trek: first contact	f
u2993	m196	star trek: first contact	m
u2995	m196	star trek: first contact	m
u2997	m196	star trek: first contact	m
u2999	m196	star trek: first contact	m
u3001	m196	star trek: first contact	f
u3005	m196	star trek: first contact	m
u3007	m197	star trek vi: the undiscovered country	m
u3008	m197	star trek vi: the undiscovered country	m
u3012	m197	star trek vi: the undiscovered country	m
u3019	m197	star trek vi: the undiscovered country	m
u3020	m197	star trek vi: the undiscovered country	m
u3024	m198	star trek: nemesis	f
u3025	m198	star trek: nemesis	m
u3026	m198	star trek: nemesis	f
u3028	m198	star trek: nemesis	m
u3031	m198	star trek: nemesis	m
u3033	m198	star trek: nemesis	m
u3034	m198	star trek: nemesis	m
u3042	m199	starman	m
u3043	m199	starman	f
u3045	m199	starman	m
u3049	m199	starman	m
u3050	m199	starman	M
u3055	m200	strange days	f
u3057	m200	strange days	m
u3058	m200	strange days	f
u3059	m200	strange days	m
u3061	m200	strange days	m
u3067	m201	suspect zero	m
u3072	m201	suspect zero	M
u3073	m201	suspect zero	f
u3075	m201	suspect zero	m
u3081	m202	swingers	f
u3086	m202	swingers	f
u3088	m202	swingers	m
u3090	m202	swingers	m
u3091	m202	swingers	m
u3092	m202	swingers	m
u3098	m203	the godfather	m
u3102	m203	the godfather	m
u3104	m203	the godfather	f
u3105	m203	the godfather	m
u3112	m203	the godfather	m
u3117	m204	the talented mr. ripley	m
u3118	m204	the talented mr. ripley	m
u3122	m204	the talented mr. ripley	f
u3123	m204	the talented mr. ripley	f
u3124	m204	the talented mr. ripley	m
u3125	m204	the talented mr. ripley	m
u3126	m204	the talented mr. ripley	m
u3129	m205	taxi driver	f
u3131	m205	taxi driver	M
u3132	m205	taxi driver	f
u3135	m205	taxi driver	m
u3138	m205	taxi driver	m
u3139	m205	taxi driver	m
u3140	m205	taxi driver	m
u3142	m206	the rock	m
u3143	m206	the rock	m
u3145	m207	the majestic	f
u3146	m207	the majestic	m
u3150	m207	the majestic	m
u3153	m207	the majestic	m
u3154	m207	the majestic	m
u3157	m207	the majestic	m
u3162	m208	the birds	f
u3164	m208	the birds	f
u3168	m208	the birds	f
u3171	m208	the birds	f
u3172	m208	the birds	m
u3174	m208	the birds	f
u3178	m209	the body snatcher	m
u3180	m209	the body snatcher	m
u3182	m209	the body snatcher	m
u3183	m209	the body snatcher	f
u3186	m210	the crow: salvation	m
u3189	m210	the crow: salvation	f
u3192	m210	the crow: salvation	f
u3197	m211	the day the earth stood still	m
u3200	m211	the day the earth stood still	M
u3201	m211	the day the earth stood still	f
u3204	m211	the day the earth stood still	m
u3207	m211	the day the earth stood still	m
u3208	m212	the lost boys	m
u3209	m212	the lost boys	m
u3213	m212	the lost boys	f
u3214	m212	the lost boys	m
u3215	m212	the lost boys	m
u3216	m212	the lost boys	m
u3217	m212	the lost boys	f
u3220	m213	the thing	m
u3225	m213	the thing	m
u3228	m213	the thing	m
u3230	m214	the time machine	m
u3232	m214	the time machine	f
u3233	m214	the time machine	m
u3235	m214	the time machine	f
u3238	m214	the time machine	M
u3239	m214	the time machine	M
u3241	m214	the time machine	m
u3243	m215	the jacket	m
u3248	m215	the jacket	f
u3250	m215	the jacket	f
u3251	m215	the jacket	m
u3252	m215	the jacket	m
u3254	m215	the jacket	f
u3258	m216	thelma & louise	m
u3259	m216	thelma & louise	m
u3261	m216	thelma & louise	f
u3266	m216	thelma & louise	f
u3270	m217	there's something about mary	m
u3273	m217	there's something about mary	m
u3276	m217	there's something about mary	f
u3277	m217	there's something about mary	f
u3282	m217	there's something about mary	m
u3283	m217	there's something about mary	m
u3284	m217	there's something about mary	m
u3293	m218	thirteen days	m
u3299	m218	thirteen days	m
u3302	m219	thunderheart	M
u3303	m219	thunderheart	m
u3308	m219	thunderheart	m
u3311	m220	top gun	f
u3313	m220	top gun	m
u3316	m220	top gun	m
u3318	m220	top gun	m
u3321	m220	top gun	m
u3324	m220	top gun	m
u3330	m221	total recall	m
u3332	m221	total recall	m
u3335	m221	total recall	m
u3338	m221	total recall	f
u3339	m221	total recall	m
u3340	m221	total recall	f
u3341	m221	total recall	m
u3345	m222	tremors	m
u3352	m222	tremors	f
u3353	m222	tremors	m
u3357	m223	true believer	m
u3362	m223	true believer	f
u3365	m223	true believer	m
u3366	m223	true believer	m
u3367	m223	true believer	m
u3368	m223	true believer	m
u3373	m224	twin peaks: fire walk with me	m
u3379	m224	twin peaks: fire walk with me	m
u3380	m224	twin peaks: fire walk with me	f
u3387	m224	twin peaks: fire walk with me	m
u3390	m224	twin peaks: fire walk with me	f
u3391	m224	twin peaks: fire walk with me	m
u3398	m224	twin peaks: fire walk with me	m
u3405	m225	the verdict	m
u3407	m225	the verdict	m
u3408	m225	the verdict	m
u3409	m225	the verdict	m
u3410	m225	the verdict	m
u3412	m225	the verdict	m
u3413	m225	the verdict	f
u3414	m225	the verdict	f
u3417	m225	the verdict	m
u3419	m225	the verdict	f
u3425	m226	the war of the worlds	m
u3437	m226	the war of the worlds	f
u3439	m227	new nightmare	m
u3440	m227	new nightmare	m
u3442	m227	new nightmare	m
u3443	m227	new nightmare	f
u3446	m227	new nightmare	m
u3456	m228	white squall	m
u3461	m228	white squall	m
u3468	m228	white squall	m
u3476	m229	wild at heart	m
u3485	m229	wild at heart	m
u3486	m229	wild at heart	f
u3488	m229	wild at heart	f
u3493	m229	wild at heart	m
u3494	m229	wild at heart	m
u3495	m230	wonder boys	m
u3497	m230	wonder boys	m
u3500	m230	wonder boys	f
u3501	m230	wonder boys	m
u3504	m230	wonder boys	f
u3511	m231	the woodsman	m
u3512	m231	the woodsman	f
u3513	m231	the woodsman	m
u3516	m231	the woodsman	f
u3517	m231	the woodsman	m
u3518	m231	the woodsman	f
u3519	m231	the woodsman	m
u3520	m232	the abyss	m
u3525	m232	the abyss	f
u3532	m233	l'avventura	f
u3543	m233	l'avventura	f
u3545	m233	l'avventura	m
u3549	m234	agnes of god	f
u3555	m234	agnes of god	f
u3557	m234	agnes of god	f
u3561	m235	a hard day's night	m
u3566	m235	a hard day's night	m
u3567	m235	a hard day's night	f
u3568	m235	a hard day's night	m
u3569	m235	a hard day's night	m
u3570	m235	a hard day's night	f
u3571	m235	a hard day's night	m
u3572	m235	a hard day's night	m
u3574	m235	a hard day's night	m
u3578	m235	a hard day's night	m
u3582	m236	alien	M
u3585	m236	alien	M
u3599	m238	all about eve	m
u3600	m238	all about eve	m
u3601	m238	all about eve	f
u3602	m238	all about eve	f
u3603	m238	all about eve	f
u3604	m238	all about eve	f
u3605	m238	all about eve	m
u3606	m238	all about eve	f
u3607	m238	all about eve	m
u3611	m239	all the president's men	m
u3612	m239	all the president's men	f
u3618	m239	all the president's men	m
u3629	m239	all the president's men	m
u3631	m239	all the president's men	m
u3635	m239	all the president's men	m
u3640	m240	american pie	f
u3641	m240	american pie	f
u3642	m240	american pie	m
u3644	m240	american pie	m
u3646	m240	american pie	f
u3648	m240	american pie	m
u3652	m240	american pie	m
u3654	m240	american pie	f
u3656	m241	an american werewolf in paris	m
u3658	m241	an american werewolf in paris	m
u3661	m241	an american werewolf in paris	m
u3663	m241	an american werewolf in paris	m
u3664	m241	an american werewolf in paris	f
u3667	m242	anastasia	f
u3669	m242	anastasia	m
u3675	m242	anastasia	m
u3680	m243	annie hall	f
u3681	m243	annie hall	m
u3686	m243	annie hall	f
u3695	m243	annie hall	m
u3696	m243	annie hall	f
u3699	m243	annie hall	m
u3702	m244	the anniversary party	m
u3703	m244	the anniversary party	f
u3704	m244	the anniversary party	f
u3706	m244	the anniversary party	m
u3707	m244	the anniversary party	m
u3708	m244	the anniversary party	f
u3710	m244	the anniversary party	f
u3711	m244	the anniversary party	m
u3712	m244	the anniversary party	m
u3713	m244	the anniversary party	f
u3714	m244	the anniversary party	f
u3715	m244	the anniversary party	f
u3717	m245	antz	f
u3724	m245	antz	m
u3725	m245	antz	m
u3727	m246	the apartment	M
u3728	m246	the apartment	m
u3729	m246	the apartment	m
u3730	m246	the apartment	f
u3731	m246	the apartment	m
u3732	m246	the apartment	f
u3738	m246	the apartment	m
u3739	m246	the apartment	f
u3742	m247	apocalypse now	m
u3744	m247	apocalypse now	m
u3745	m247	apocalypse now	m
u3746	m247	apocalypse now	m
u3752	m247	apocalypse now	m
u3753	m247	apocalypse now	m
u3755	m247	apocalypse now	m
u3763	m247	apocalypse now	m
u3765	m248	arctic blue	f
u3766	m248	arctic blue	m
u3767	m248	arctic blue	m
u3777	m249	as good as it gets	f
u3780	m249	as good as it gets	f
u3781	m249	as good as it gets	m
u3784	m249	as good as it gets	m
u3787	m249	as good as it gets	m
u3791	m250	assassins	m
u3794	m250	assassins	f
u3796	m250	assassins	m
u3798	m250	assassins	m
u3803	m251	asylum	M
u3809	m251	asylum	m
u3813	m251	asylum	m
u3816	m252	a walk to remember	f
u3819	m252	a walk to remember	f
u3820	m252	a walk to remember	m
u3822	m252	a walk to remember	m
u3828	m253	back to the future	m
u3829	m253	back to the future	m
u3833	m253	back to the future	M
u3842	m254	badlands	f
u3843	m254	badlands	m
u3849	m255	the adventures of buckaroo banzai across the 8th dimension	m
u3857	m255	the adventures of buckaroo banzai across the 8th dimension	f
u3864	m256	barton fink	f
u3865	m256	barton fink	m
u3866	m256	barton fink	m
u3868	m256	barton fink	m
u3869	m256	barton fink	m
u3870	m256	barton fink	m
u3873	m256	barton fink	m
u3878	m257	basic instinct	f
u3879	m257	basic instinct	f
u3882	m257	basic instinct	m
u3884	m257	basic instinct	m
u3887	m258	basquiat	m
u3888	m258	basquiat	m
u3891	m258	basquiat	m
u3892	m258	basquiat	m
u3899	m258	basquiat	f
u3901	m258	basquiat	m
u3912	m259	batman returns	m
u3916	m259	batman returns	m
u3917	m259	batman returns	m
u3918	m259	batman returns	f
u3919	m260	batman and robin	m
u3922	m260	batman and robin	m
u3923	m260	batman and robin	m
u3924	m260	batman and robin	m
u3926	m260	batman and robin	f
u3930	m260	batman and robin	m
u3932	m261	batman forever	m
u3933	m261	batman forever	m
u3934	m261	batman forever	m
u3935	m261	batman forever	f
u3943	m262	batman	m
u3944	m262	batman	m
u3952	m262	batman	m
u3956	m262	batman	f
u3957	m263	bean	f
u3961	m263	bean	m
u3965	m263	bean	m
u3970	m264	beavis and butt-head do america	m
u3972	m264	beavis and butt-head do america	m
u3973	m264	beavis and butt-head do america	m
u3976	m264	beavis and butt-head do america	m
u3979	m265	beetle juice	m
u3980	m265	beetle juice	f
u3981	m265	beetle juice	m
u3982	m265	beetle juice	m
u3983	m265	beetle juice	f
u3986	m265	beetle juice	f
u3988	m265	beetle juice	m
u3990	m266	being there	m
u3993	m266	being there	m
u3998	m266	being there	f
u4000	m266	being there	m
u4006	m266	being there	m
u4008	m266	being there	f
u4011	m266	being there	m
u4012	m266	being there	f
u4013	m266	being there	m
u4020	m267	being john malkovich	m
u4028	m267	being john malkovich	m
u4029	m267	being john malkovich	f
u4030	m267	being john malkovich	m
u4032	m267	being john malkovich	f
u4037	m268	beloved	f
u4039	m268	beloved	f
u4040	m268	beloved	f
u4041	m268	beloved	f
u4043	m268	beloved	m
u4046	m268	beloved	m
u4050	m269	the big lebowski	m
u4055	m269	the big lebowski	m
u4057	m269	the big lebowski	m
u4058	m269	the big lebowski	m
u4060	m269	the big lebowski	f
u4065	m269	the big lebowski	m
u4067	m269	the big lebowski	m
u4071	m271	blade ii	m
u4076	m271	blade ii	f
u4080	m271	blade ii	m
u4081	m272	blade	m
u4086	m272	blade	f
u4089	m272	blade	m
u4090	m273	book of shadows: blair witch 2	F
u4091	m273	book of shadows: blair witch 2	M
u4093	m273	book of shadows: blair witch 2	F
u4096	m273	book of shadows: blair witch 2	M
u4099	m274	blood simple.	f
u4103	m274	blood simple.	m
u4104	m274	blood simple.	m
u4105	m274	blood simple.	m
u4107	m274	blood simple.	m
u4112	m275	bloodmoon	F
u4115	m275	bloodmoon	M
u4125	m276	blow	f
u4128	m276	blow	m
u4130	m276	blow	m
u4133	m276	blow	m
u4134	m276	blow	m
u4136	m276	blow	m
u4139	m276	blow	f
u4141	m276	blow	f
u4148	m277	la battaglia di algeri	m
u4161	m278	body of evidence	m
u4166	m278	body of evidence	m
u4168	m278	body of evidence	f
u4171	m278	body of evidence	m
u4174	m278	body of evidence	f
u4176	m278	body of evidence	m
u4178	m278	body of evidence	f
u4180	m279	the bridges of madison county	f
u4181	m279	the bridges of madison county	f
u4183	m279	the bridges of madison county	f
u4188	m279	the bridges of madison county	m
u4192	m279	the bridges of madison county	m
u4194	m280	bones	m
u4197	m280	bones	m
u4201	m280	bones	m
u4202	m280	bones	f
u4208	m281	bound	m
u4210	m281	bound	f
u4212	m281	bound	m
u4214	m281	bound	f
u4215	m282	the bourne identity	m
u4216	m282	the bourne identity	m
u4218	m282	the bourne identity	m
u4222	m282	the bourne identity	f
u4233	m283	brazil	m
u4239	m283	brazil	m
u4240	m283	brazil	f
u4241	m283	brazil	m
u4249	m283	brazil	m
u4251	m283	brazil	m
u4255	m284	bringing out the dead	m
u4258	m284	bringing out the dead	m
u4261	m284	bringing out the dead	m
u4262	m284	bringing out the dead	m
u4263	m284	bringing out the dead	f
u4267	m284	bringing out the dead	M
u4268	m285	broadcast news	m
u4274	m285	broadcast news	m
u4278	m285	broadcast news	f
u4281	m285	broadcast news	m
u4284	m286	a bucket of blood	f
u4286	m286	a bucket of blood	f
u4288	m286	a bucket of blood	m
u4290	m286	a bucket of blood	m
u4295	m286	a bucket of blood	m
u4298	m287	buffy the vampire slayer	m
u4300	m287	buffy the vampire slayer	f
u4305	m287	buffy the vampire slayer	m
u4307	m287	buffy the vampire slayer	f
u4310	m287	buffy the vampire slayer	m
u4311	m287	buffy the vampire slayer	f
u4312	m287	buffy the vampire slayer	m
u4315	m288	bull durham	f
u4317	m288	bull durham	m
u4323	m288	bull durham	m
u4325	m288	bull durham	m
u4331	m289	casino	m
u4348	m289	casino	m
u4349	m289	casino	f
u4356	m289	casino	m
u4358	m289	casino	m
u4359	m289	casino	m
u4361	m289	casino	m
u4362	m289	casino	f
u4366	m289	casino	m
u4369	m289	casino	m
u4372	m289	casino	m
u4376	m290	catwoman	M
u4383	m290	catwoman	M
u4385	m290	catwoman	f
u4386	m290	catwoman	F
u4393	m291	cellular	F
u4395	m291	cellular	M
u4396	m291	cellular	M
u4398	m291	cellular	M
u4401	m292	the crying game	m
u4404	m292	the crying game	m
u4405	m292	the crying game	m
u4407	m292	the crying game	m
u4408	m292	the crying game	f
u4409	m292	the crying game	m
u4411	m293	charade	M
u4412	m293	charade	m
u4415	m293	charade	M
u4418	m293	charade	m
u4420	m293	charade	m
u4421	m293	charade	M
u4423	m293	charade	m
u4424	m293	charade	f
u4428	m294	cherry falls	m
u4434	m294	cherry falls	f
u4435	m294	cherry falls	m
u4438	m294	cherry falls	f
u4445	m294	cherry falls	f
u4449	m295	chill factor	m
u4451	m295	chill factor	m
u4459	m295	chill factor	m
u4460	m295	chill factor	m
u4462	m295	chill factor	m
u4470	m296	chinatown	m
u4472	m296	chinatown	m
u4475	m296	chinatown	m
u4476	m296	chinatown	f
u4477	m296	chinatown	m
u4492	m296	chinatown	m
u4494	m297	nuovo cinema paradiso	m
u4495	m297	nuovo cinema paradiso	f
u4498	m297	nuovo cinema paradiso	m
u4500	m298	citizen kane	m
u4501	m298	citizen kane	m
u4504	m298	citizen kane	f
u4505	m298	citizen kane	f
u4507	m298	citizen kane	m
u4515	m298	citizen kane	f
u4520	m298	citizen kane	m
u4522	m299	clerks.	f
u4524	m299	clerks.	m
u4525	m299	clerks.	m
u4531	m299	clerks.	m
u4534	m299	clerks.	m
u4535	m299	clerks.	m
u4538	m299	clerks.	m
u4540	m299	clerks.	f
u4546	m300	cliffhanger	m
u4547	m300	cliffhanger	m
u4548	m300	cliffhanger	f
u4551	m300	cliffhanger	m
u4553	m300	cliffhanger	m
u4555	m301	a clockwork orange	m
u4558	m301	a clockwork orange	m
u4560	m301	a clockwork orange	m
u4562	m301	a clockwork orange	f
u4569	m301	a clockwork orange	m
u4570	m301	a clockwork orange	m
u4572	m301	a clockwork orange	m
u4575	m302	collateral	f
u4577	m302	collateral	m
u4584	m302	collateral	m
u4587	m302	collateral	m
u4592	m303	conspiracy theory	m
u4593	m303	conspiracy theory	m
u4595	m303	conspiracy theory	F
u4596	m303	conspiracy theory	m
u4601	m304	contact	m
u4602	m304	contact	f
u4603	m304	contact	m
u4605	m304	contact	m
u4609	m304	contact	M
u4612	m304	contact	m
u4615	m305	cool hand luke	f
u4620	m305	cool hand luke	m
u4622	m305	cool hand luke	m
u4623	m305	cool hand luke	m
u4626	m306	copycat	m
u4630	m306	copycat	f
u4631	m306	copycat	f
u4634	m306	copycat	m
u4635	m306	copycat	m
u4640	m307	crash	F
u4641	m307	crash	f
u4642	m307	crash	M
u4645	m308	crazy love	M
u4646	m308	crazy love	F
u4647	m308	crazy love	M
u4649	m308	crazy love	f
u4651	m308	crazy love	M
u4653	m308	crazy love	f
u4658	m309	crime spree	m
u4662	m309	crime spree	m
u4663	m309	crime spree	m
u4667	m309	crime spree	m
u4668	m309	crime spree	f
u4681	m310	crouching tiger hidden dragon	F
u4682	m310	crouching tiger hidden dragon	m
u4688	m310	crouching tiger hidden dragon	f
u4689	m311	the crow	m
u4693	m311	the crow	m
u4704	m312	cruel intentions	f
u4706	m312	cruel intentions	m
u4707	m312	cruel intentions	f
u4708	m312	cruel intentions	f
u4709	m312	cruel intentions	m
u4710	m312	cruel intentions	f
u4717	m312	cruel intentions	m
u4718	m313	the curse of the cat people	f
u4719	m313	the curse of the cat people	f
u4720	m313	the curse of the cat people	f
u4721	m313	the curse of the cat people	m
u4722	m313	the curse of the cat people	f
u4725	m313	the curse of the cat people	f
u4726	m313	the curse of the cat people	m
u4729	m314	the curse	F
u4731	m314	the curse	m
u4732	m314	the curse	F
u4733	m314	the curse	M
u4734	m314	the curse	m
u4737	m314	the curse	M
u4746	m315	dark city	m
u4751	m316	dave	m
u4752	m316	dave	m
u4753	m316	dave	m
u4754	m316	dave	f
u4756	m316	dave	m
u4758	m316	dave	m
u4763	m317	day of the dead	m
u4770	m317	day of the dead	f
u4771	m317	day of the dead	m
u4776	m318	dead poets society	m
u4778	m318	dead poets society	f
u4781	m318	dead poets society	m
u4782	m318	dead poets society	m
u4785	m318	dead poets society	m
u4788	m318	dead poets society	m
u4790	m319	deep rising	m
u4791	m319	deep rising	m
u4794	m319	deep rising	m
u4795	m319	deep rising	f
u4797	m320	the deer hunter	m
u4803	m320	the deer hunter	m
u4805	m320	the deer hunter	f
u4808	m320	the deer hunter	m
u4812	m320	the deer hunter	m
u4826	m322	the devil and daniel webster	m
u4828	m322	the devil and daniel webster	m
u4829	m322	the devil and daniel webster	M
u4831	m322	the devil and daniel webster	F
u4833	m322	the devil and daniel webster	M
u4839	m322	the devil and daniel webster	m
u4840	m323	die hard	m
u4843	m323	die hard	m
u4846	m323	die hard	m
u4847	m323	die hard	m
u4848	m323	die hard	m
u4857	m324	dog day afternoon	m
u4859	m324	dog day afternoon	m
u4860	m324	dog day afternoon	m
u4863	m324	dog day afternoon	m
u4865	m324	dog day afternoon	m
u4866	m324	dog day afternoon	m
u4868	m324	dog day afternoon	m
u4869	m324	dog day afternoon	f
u4871	m325	domino	m
u4874	m325	domino	f
u4875	m325	domino	m
u4892	m326	do the right thing	f
u4895	m326	do the right thing	m
u4896	m326	do the right thing	m
u4898	m326	do the right thing	m
u4900	m326	do the right thing	m
u4901	m326	do the right thing	m
u4902	m326	do the right thing	f
u4903	m326	do the right thing	m
u4906	m327	dumb and dumberer: when harry met lloyd	m
u4907	m327	dumb and dumberer: when harry met lloyd	f
u4910	m327	dumb and dumberer: when harry met lloyd	m
u4914	m327	dumb and dumberer: when harry met lloyd	f
u4915	m327	dumb and dumberer: when harry met lloyd	m
u4929	m328	dune	m
u4931	m328	dune	f
u4934	m329	ed wood	m
u4940	m329	ed wood	f
u4941	m329	ed wood	m
u4943	m329	ed wood	m
u4945	m329	ed wood	f
u4952	m329	ed wood	m
u4954	m329	ed wood	m
u4956	m330	edtv	m
u4958	m330	edtv	f
u4960	m330	edtv	m
u4963	m330	edtv	f
u4965	m330	edtv	m
u4969	m330	edtv	m
u4972	m330	edtv	f
u4979	m331	election	m
u4986	m331	election	f
u4988	m331	election	f
u4991	m332	l.a. confidential	m
u4996	m332	l.a. confidential	m
u4997	m332	l.a. confidential	m
u4998	m332	l.a. confidential	M
u4999	m332	l.a. confidential	m
u5001	m332	l.a. confidential	f
u5004	m332	l.a. confidential	m
u5015	m333	enemy of the state	m
u5016	m333	enemy of the state	m
u5020	m333	enemy of the state	m
u5024	m333	enemy of the state	m
u5026	m333	enemy of the state	m
u5036	m333	enemy of the state	f
u5037	m333	enemy of the state	m
u5039	m333	enemy of the state	f
u5046	m334	the english patient	M
u5048	m334	the english patient	m
u5051	m334	the english patient	f
u5054	m334	the english patient	f
u5055	m334	the english patient	m
u5057	m334	the english patient	m
u5062	m334	the english patient	M
u5063	m335	entrapment	m
u5064	m335	entrapment	f
u5065	m335	entrapment	m
u5067	m335	entrapment	m
u5073	m336	erin brockovich	f
u5074	m336	erin brockovich	m
u5076	m336	erin brockovich	f
u5078	m336	erin brockovich	m
u5097	m337	star wars: the empire strikes back	M
u5098	m337	star wars: the empire strikes back	m
u5099	m337	star wars: the empire strikes back	F
u5100	m337	star wars: the empire strikes back	m
u5105	m337	star wars: the empire strikes back	m
u5116	m339	escape from l.a.	m
u5117	m339	escape from l.a.	m
u5120	m339	escape from l.a.	m
u5125	m340	excalibur	m
u5129	m340	excalibur	m
u5130	m340	excalibur	m
u5138	m341	the exorcist	f
u5140	m341	the exorcist	m
u5144	m341	the exorcist	m
u5145	m341	the exorcist	m
u5146	m341	the exorcist	m
u5151	m341	the exorcist	f
u5153	m341	the exorcist	f
u5161	m342	the fabulous baker boys	m
u5164	m342	the fabulous baker boys	m
u5172	m342	the fabulous baker boys	f
u5173	m342	the fabulous baker boys	f
u5177	m343	face/off	m
u5179	m343	face/off	m
u5182	m343	face/off	f
u5193	m344	the family man	m
u5194	m344	the family man	f
u5195	m344	the family man	m
u5197	m344	the family man	m
u5200	m344	the family man	m
u5201	m344	the family man	f
u5211	m345	the fantastic four	m
u5214	m345	the fantastic four	m
u5216	m345	the fantastic four	m
u5218	m345	the fantastic four	F
u5220	m345	the fantastic four	m
u5221	m346	fantastic voyage	m
u5222	m346	fantastic voyage	f
u5223	m346	fantastic voyage	m
u5224	m346	fantastic voyage	m
u5226	m346	fantastic voyage	m
u5230	m346	fantastic voyage	m
u5232	m347	fargo	m
u5236	m347	fargo	m
u5240	m347	fargo	m
u5241	m347	fargo	m
u5243	m347	fargo	f
u5244	m347	fargo	m
u5245	m347	fargo	m
u5252	m347	fargo	m
u5253	m347	fargo	m
u5262	m348	fight club	M
u5265	m348	fight club	f
u5269	m348	fight club	m
u5273	m349	final destination 2	f
u5281	m349	final destination 2	f
u5287	m349	final destination 2	m
u5289	m350	final destination	m
u5292	m350	final destination	f
u5296	m351	rambo: first blood part ii	M
u5297	m351	rambo: first blood part ii	f
u5302	m351	rambo: first blood part ii	m
u5304	m351	rambo: first blood part ii	m
u5305	m352	the fisher king	f
u5310	m352	the fisher king	m
u5312	m352	the fisher king	f
u5313	m352	the fisher king	m
u5317	m353	five easy pieces	M
u5319	m353	five easy pieces	f
u5323	m353	five easy pieces	f
u5327	m353	five easy pieces	f
u5331	m354	five feet high and rising	f
u5333	m354	five feet high and rising	m
u5338	m354	five feet high and rising	m
u5343	m355	fletch	M
u5344	m355	fletch	m
u5345	m355	fletch	m
u5348	m355	fletch	m
u5352	m355	fletch	m
u5355	m355	fletch	F
u5356	m355	fletch	f
u5357	m355	fletch	f
u5359	m355	fletch	m
u5360	m355	fletch	m
u5362	m356	the adventures of ford fairlane	f
u5364	m356	the adventures of ford fairlane	m
u5365	m356	the adventures of ford fairlane	m
u5366	m356	the adventures of ford fairlane	f
u5372	m356	the adventures of ford fairlane	m
u5373	m356	the adventures of ford fairlane	f
u5382	m357	the french connection	m
u5389	m357	the french connection	m
u5394	m358	frequency	m
u5397	m358	frequency	m
u5399	m358	frequency	f
u5400	m358	frequency	m
u5404	m359	friday the 13th part iii	m
u5406	m359	friday the 13th part iii	f
u5408	m359	friday the 13th part iii	f
u5410	m359	friday the 13th part iii	m
u5411	m359	friday the 13th part iii	f
u5422	m360	jason lives: friday the 13th part vi	m
u5425	m360	jason lives: friday the 13th part vi	m
u5431	m361	jason goes to hell: the final friday	m
u5433	m361	jason goes to hell: the final friday	m
u5435	m362	friday the 13th part viii: jason takes manhattan	f
u5437	m362	friday the 13th part viii: jason takes manhattan	m
u5438	m362	friday the 13th part viii: jason takes manhattan	f
u5440	m362	friday the 13th part viii: jason takes manhattan	f
u5441	m362	friday the 13th part viii: jason takes manhattan	m
u5443	m362	friday the 13th part viii: jason takes manhattan	f
u5447	m363	game 6	m
u5450	m363	game 6	f
u5451	m363	game 6	f
u5452	m363	game 6	f
u5454	m363	game 6	m
u5455	m363	game 6	m
u5456	m363	game 6	f
u5461	m363	game 6	f
u5481	m365	gattaca	M
u5483	m365	gattaca	m
u5488	m365	gattaca	f
u5489	m365	gattaca	m
u5494	m366	the getaway	m
u5495	m366	the getaway	f
u5496	m366	the getaway	m
u5504	m367	get carter	m
u5507	m367	get carter	m
u5511	m367	get carter	f
u5512	m367	get carter	m
u5514	m367	get carter	f
u5516	m367	get carter	m
u5518	m367	get carter	f
u5522	m368	glengarry glen ross	m
u5524	m368	glengarry glen ross	m
u5525	m368	glengarry glen ross	m
u5526	m368	glengarry glen ross	m
u5527	m368	glengarry glen ross	m
u5528	m368	glengarry glen ross	m
u5538	m369	the godfather: part ii	m
u5540	m369	the godfather: part ii	m
u5541	m369	the godfather: part ii	f
u5545	m369	the godfather: part ii	m
u5548	m369	the godfather: part ii	m
u5551	m369	the godfather: part ii	m
u5552	m369	the godfather: part ii	m
u5561	m370	gods and monsters	f
u5562	m370	gods and monsters	m
u5563	m370	gods and monsters	m
u5568	m370	gods and monsters	f
u5570	m370	gods and monsters	m
u5572	m370	gods and monsters	m
u5574	m371	gone in sixty seconds	m
u5581	m371	gone in sixty seconds	m
u5582	m371	gone in sixty seconds	m
u5584	m371	gone in sixty seconds	m
u5585	m371	gone in sixty seconds	f
u5591	m372	goodfellas	m
u5592	m372	goodfellas	m
u5594	m372	goodfellas	f
u5606	m373	good will hunting	m
u5611	m373	good will hunting	m
u5612	m373	good will hunting	m
u5614	m373	good will hunting	m
u5615	m373	good will hunting	m
u5616	m373	good will hunting	f
u5621	m373	good will hunting	m
u5627	m374	the grapes of wrath	m
u5628	m374	the grapes of wrath	m
u5640	m374	the grapes of wrath	f
u5652	m374	the grapes of wrath	m
u5661	m375	grosse pointe blank	f
u5662	m375	grosse pointe blank	m
u5664	m375	grosse pointe blank	m
u5666	m375	grosse pointe blank	m
u5667	m375	grosse pointe blank	f
u5668	m375	grosse pointe blank	m
u5669	m375	grosse pointe blank	f
u5670	m375	grosse pointe blank	m
u5674	m376	the horse whisperer	f
u5676	m376	the horse whisperer	f
u5678	m376	the horse whisperer	f
u5682	m376	the horse whisperer	m
u5684	m376	the horse whisperer	m
u5691	m377	hackers	m
u5695	m377	hackers	f
u5697	m377	hackers	f
u5703	m377	hackers	m
u5706	m378	halloween 4: the return of michael myers	m
u5712	m378	halloween 4: the return of michael myers	f
u5716	m378	halloween 4: the return of michael myers	m
u5718	m378	halloween 4: the return of michael myers	m
u5719	m378	halloween 4: the return of michael myers	f
u5722	m379	halloween	f
u5725	m379	halloween	f
u5726	m379	halloween	f
u5728	m379	halloween	m
u5730	m379	halloween	f
u5733	m379	halloween	m
u5735	m380	hannah and her sisters	f
u5737	m380	hannah and her sisters	m
u5738	m380	hannah and her sisters	m
u5741	m380	hannah and her sisters	m
u5744	m380	hannah and her sisters	m
u5745	m380	hannah and her sisters	f
u5746	m380	hannah and her sisters	f
u5747	m380	hannah and her sisters	f
u5749	m380	hannah and her sisters	f
u5750	m380	hannah and her sisters	m
u5754	m381	hannibal	m
u5755	m381	hannibal	m
u5758	m381	hannibal	m
u5767	m381	hannibal	f
u5768	m381	hannibal	m
u5771	m381	hannibal	f
u5773	m381	hannibal	m
u5783	m382	happy campers	f
u5785	m382	happy campers	m
u5795	m383	heathers	m
u5800	m383	heathers	f
u5803	m384	heavenly creatures	f
u5804	m384	heavenly creatures	f
u5805	m384	heavenly creatures	f
u5806	m385	hellraiser: hellseeker	f
u5807	m385	hellraiser: hellseeker	m
u5811	m385	hellraiser: hellseeker	f
u5820	m385	hellraiser: hellseeker	m
u5821	m386	hero	m
u5822	m386	hero	m
u5823	m386	hero	m
u5826	m386	hero	f
u5829	m386	hero	f
u5834	m386	hero	m
u5840	m387	hider in the house	f
u5841	m387	hider in the house	m
u5843	m387	hider in the house	m
u5848	m387	hider in the house	M
u5856	m388	highlander iii: the sorcerer	F
u5859	m388	highlander iii: the sorcerer	M
u5874	m389	hostage	m
u5881	m389	hostage	m
u5887	m389	hostage	m
u5891	m389	hostage	m
u5894	m389	hostage	m
u5899	m390	hotel rwanda	m
u5900	m390	hotel rwanda	m
u5901	m390	hotel rwanda	m
u5909	m390	hotel rwanda	m
u5914	m390	hotel rwanda	f
u5917	m391	house on haunted hill	m
u5918	m391	house on haunted hill	m
u5919	m391	house on haunted hill	f
u5923	m391	house on haunted hill	m
u5924	m391	house on haunted hill	m
u5925	m391	house on haunted hill	f
u5929	m392	house of the damned	f
u5930	m392	house of the damned	f
u5931	m392	house of the damned	m
u5933	m392	house of the damned	m
u5937	m393	hellraiser iii: hell on earth	f
u5941	m393	hellraiser iii: hell on earth	f
u5942	m393	hellraiser iii: hell on earth	f
u5943	m394	hudson hawk	M
u5946	m394	hudson hawk	f
u5951	m394	hudson hawk	m
u5958	m395	the hudsucker proxy	f
u5962	m395	the hudsucker proxy	m
u5970	m395	the hudsucker proxy	m
u5971	m395	the hudsucker proxy	m
u5975	m396	i walked with a zombie	f
u5976	m396	i walked with a zombie	f
u5979	m396	i walked with a zombie	m
u5981	m396	i walked with a zombie	f
u5982	m396	i walked with a zombie	m
u5984	m397	the ice storm	m
u5986	m397	the ice storm	f
u5987	m397	the ice storm	m
u5990	m397	the ice storm	m
u5996	m397	the ice storm	m
u5997	m397	the ice storm	m
u5998	m397	the ice storm	m
u5999	m397	the ice storm	f
u6001	m398	insomnia	f
u6004	m398	insomnia	m
u6007	m398	insomnia	f
u6008	m398	insomnia	m
u6009	m398	insomnia	m
u6010	m399	interview with the vampire: the vampire chronicles	m
u6011	m399	interview with the vampire: the vampire chronicles	f
u6012	m399	interview with the vampire: the vampire chronicles	m
u6013	m399	interview with the vampire: the vampire chronicles	m
u6015	m399	interview with the vampire: the vampire chronicles	m
u6019	m400	i still know what you did last summer	f
u6020	m400	i still know what you did last summer	f
u6027	m400	i still know what you did last summer	m
u6029	m401	isle of the dead	f
u6033	m401	isle of the dead	m
u6035	m401	isle of the dead	f
u6039	m402	it's a wonderful life	m
u6040	m402	it's a wonderful life	f
u6045	m402	it's a wonderful life	m
u6049	m402	it's a wonderful life	m
u6054	m402	it's a wonderful life	f
u6063	m402	it's a wonderful life	m
u6068	m403	jaws 2	m
u6073	m403	jaws 2	f
u6074	m403	jaws 2	f
u6075	m403	jaws 2	m
u6079	m403	jaws 2	m
u6082	m403	jaws 2	m
u6090	m403	jaws 2	m
u6095	m404	jaws 3-d	f
u6096	m404	jaws 3-d	f
u6098	m404	jaws 3-d	m
u6101	m404	jaws 3-d	m
u6103	m404	jaws 3-d	m
u6107	m405	jaws: the revenge	f
u6109	m405	jaws: the revenge	f
u6110	m405	jaws: the revenge	m
u6112	m405	jaws: the revenge	m
u6114	m405	jaws: the revenge	m
u6121	m407	jennifer eight	m
u6123	m407	jennifer eight	m
u6125	m407	jennifer eight	f
u6127	m407	jennifer eight	m
u6130	m408	jerry maguire	f
u6134	m408	jerry maguire	f
u6136	m408	jerry maguire	m
u6137	m408	jerry maguire	f
u6140	m408	jerry maguire	m
u6141	m408	jerry maguire	m
u6143	m408	jerry maguire	m
u6145	m409	jurassic park iii	f
u6146	m409	jurassic park iii	m
u6148	m409	jurassic park iii	m
u6149	m409	jurassic park iii	m
u6150	m409	jurassic park iii	m
u6155	m410	the lost world: jurassic park	f
u6156	m410	the lost world: jurassic park	m
u6157	m410	the lost world: jurassic park	m
u6158	m410	the lost world: jurassic park	m
u6159	m410	the lost world: jurassic park	m
u6160	m410	the lost world: jurassic park	f
u6163	m411	jurassic park	f
u6165	m411	jurassic park	m
u6166	m411	jurassic park	m
u6168	m411	jurassic park	f
u6169	m411	jurassic park	m
u6173	m411	jurassic park	m
u6185	m413	kafka	m
u6187	m413	kafka	m
u6188	m413	kafka	f
u6189	m413	kafka	m
u6190	m413	kafka	m
u6191	m413	kafka	m
u6196	m414	king kong	f
u6199	m414	king kong	m
u6204	m415	klute	f
u6205	m415	klute	m
u6208	m415	klute	m
u6217	m416	kramer vs. kramer	m
u6220	m416	kramer vs. kramer	f
u6222	m416	kramer vs. kramer	m
u6223	m416	kramer vs. kramer	f
u6226	m416	kramer vs. kramer	m
u6230	m416	kramer vs. kramer	m
u6231	m416	kramer vs. kramer	F
u6242	m417	kundun	m
u6248	m417	kundun	m
u6251	m417	kundun	M
u6256	m418	lake placid	m
u6257	m418	lake placid	m
u6258	m418	lake placid	f
u6259	m418	lake placid	m
u6260	m418	lake placid	m
u6266	m419	the silence of the lambs	f
u6267	m419	the silence of the lambs	m
u6269	m419	the silence of the lambs	M
u6278	m420	last of the mohicans	f
u6279	m420	last of the mohicans	m
u6280	m420	last of the mohicans	m
u6289	m421	leviathan	m
u6294	m421	leviathan	m
u6297	m421	leviathan	f
u6305	m422	lock stock and two smoking barrels	m
u6317	m422	lock stock and two smoking barrels	m
u6318	m422	lock stock and two smoking barrels	m
u6322	m423	lone star	m
u6323	m423	lone star	f
u6324	m423	lone star	m
u6326	m423	lone star	f
u6328	m423	lone star	m
u6330	m423	lone star	m
u6332	m423	lone star	m
u6334	m423	lone star	m
u6337	m423	lone star	m
u6340	m423	lone star	f
u6341	m423	lone star	m
u6342	m423	lone star	f
u6344	m423	lone star	m
u6346	m423	lone star	m
u6347	m423	lone star	f
u6351	m423	lone star	m
u6361	m424	lord of illusions	m
u6365	m424	lord of illusions	f
u6367	m424	lord of illusions	m
u6373	m424	lord of illusions	m
u6375	m424	lord of illusions	m
u6378	m425	lost in translation	m
u6379	m425	lost in translation	f
u6381	m425	lost in translation	m
u6384	m425	lost in translation	f
u6387	m426	lost souls	f
u6391	m426	lost souls	m
u6393	m426	lost souls	f
u6398	m426	lost souls	m
u6401	m426	lost souls	m
u6404	m427	love & basketball	f
u6409	m427	love & basketball	f
u6410	m427	love & basketball	f
u6412	m427	love & basketball	f
u6413	m427	love & basketball	m
u6415	m427	love & basketball	f
u6416	m427	love & basketball	m
u6419	m428	magnolia	m
u6420	m428	magnolia	f
u6424	m428	magnolia	m
u6426	m428	magnolia	m
u6428	m428	magnolia	m
u6430	m428	magnolia	m
u6431	m428	magnolia	f
u6432	m428	magnolia	f
u6434	m428	magnolia	m
u6435	m428	magnolia	m
u6437	m428	magnolia	m
u6438	m428	magnolia	f
u6439	m428	magnolia	f
u6443	m428	magnolia	m
u6446	m428	magnolia	m
u6447	m428	magnolia	f
u6449	m428	magnolia	m
u6450	m428	magnolia	m
u6454	m429	the man in the iron mask	m
u6455	m429	the man in the iron mask	m
u6456	m429	the man in the iron mask	m
u6459	m429	the man in the iron mask	m
u6464	m429	the man in the iron mask	m
u6469	m430	manhunt	m
u6473	m430	manhunt	f
u6480	m431	manhunter	m
u6481	m431	manhunter	m
u6484	m431	manhunter	m
u6487	m431	manhunter	m
u6488	m431	manhunter	m
u6489	m431	manhunter	m
u6490	m431	manhunter	f
u6492	m431	manhunter	f
u6496	m431	manhunter	m
u6499	m432	man on the moon	m
u6502	m432	man on the moon	m
u6506	m432	man on the moon	f
u6515	m432	man on the moon	m
u6520	m433	the matrix	m
u6522	m433	the matrix	m
u6523	m433	the matrix	m
u6524	m433	the matrix	f
u6526	m433	the matrix	m
u6527	m433	the matrix	f
u6532	m434	halloween iii: season of the witch	m
u6534	m434	halloween iii: season of the witch	m
u6537	m434	halloween iii: season of the witch	m
u6539	m434	halloween iii: season of the witch	m
u6542	m434	halloween iii: season of the witch	f
u6543	m434	halloween iii: season of the witch	m
u6544	m435	meet joe black	f
u6548	m435	meet joe black	m
u6551	m435	meet joe black	m
u6552	m435	meet joe black	m
u6553	m435	meet joe black	m
u6555	m435	meet joe black	f
u6557	m435	meet joe black	m
u6560	m436	memento	m
u6563	m436	memento	m
u6567	m436	memento	f
u6568	m436	memento	m
u6572	m437	miami vice	m
u6574	m437	miami vice	m
u6576	m437	miami vice	f
u6581	m437	miami vice	m
u6583	m438	midnight cowboy	m
u6587	m438	midnight cowboy	m
u6593	m439	midnight express	m
u6599	m439	midnight express	m
u6606	m440	mimic	m
u6608	m440	mimic	m
u6611	m440	mimic	f
u6612	m441	misery	f
u6613	m441	misery	m
u6615	m441	misery	m
u6617	m441	misery	f
u6618	m441	misery	f
u6619	m442	mission: impossible ii	m
u6622	m442	mission: impossible ii	m
u6623	m442	mission: impossible ii	m
u6626	m442	mission: impossible ii	f
u6628	m442	mission: impossible ii	m
u6632	m443	mission: impossible	f
u6633	m443	mission: impossible	m
u6637	m443	mission: impossible	m
u6639	m443	mission: impossible	m
u6641	m443	mission: impossible	f
u6642	m443	mission: impossible	m
u6646	m444	moonstruck	m
u6649	m444	moonstruck	f
u6652	m444	moonstruck	m
u6654	m444	moonstruck	m
u6657	m444	moonstruck	m
u6658	m444	moonstruck	f
u6659	m444	moonstruck	m
u6660	m444	moonstruck	f
u6664	m445	monty python and the holy grail	m
u6665	m445	monty python and the holy grail	m
u6666	m445	monty python and the holy grail	m
u6671	m445	monty python and the holy grail	m
u6672	m445	monty python and the holy grail	m
u6689	m445	monty python and the holy grail	m
u6691	m446	mrs brown	m
u6696	m446	mrs brown	m
u6698	m446	mrs brown	m
u6701	m446	mrs brown	m
u6703	m446	mrs brown	m
u6704	m446	mrs brown	f
u6706	m447	arcade	f
u6712	m447	arcade	m
u6714	m448	mulholland dr.	m
u6715	m448	mulholland dr.	f
u6717	m448	mulholland dr.	f
u6718	m448	mulholland dr.	m
u6719	m448	mulholland dr.	f
u6733	m448	mulholland dr.	f
u6747	m450	my girl 2	m
u6749	m450	my girl 2	m
u6754	m450	my girl 2	m
u6755	m450	my girl 2	m
u6756	m450	my girl 2	f
u6757	m450	my girl 2	m
u6758	m450	my girl 2	f
u6760	m450	my girl 2	f
u6765	m451	my girl	m
u6767	m451	my girl	m
u6770	m451	my girl	f
u6771	m451	my girl	m
u6772	m451	my girl	f
u6773	m452	my best friend's wedding	M
u6774	m452	my best friend's wedding	f
u6775	m452	my best friend's wedding	f
u6777	m452	my best friend's wedding	m
u6782	m453	nashville	m
u6787	m453	nashville	m
u6789	m453	nashville	f
u6793	m453	nashville	f
u6797	m453	nashville	m
u6800	m453	nashville	m
u6801	m453	nashville	m
u6808	m454	natural born killers	m
u6817	m454	natural born killers	m
u6818	m454	natural born killers	m
u6822	m455	nothing but a man	m
u6829	m455	nothing but a man	f
u6830	m455	nothing but a man	f
u6833	m455	nothing but a man	m
u6837	m455	nothing but a man	m
u6845	m457	neuromancer	M
u6851	m457	neuromancer	F
u6854	m458	never been kissed	f
u6855	m458	never been kissed	f
u6858	m458	never been kissed	m
u6860	m458	never been kissed	f
u6864	m458	never been kissed	m
u6865	m458	never been kissed	m
u6872	m459	the nightmare before christmas	f
u6877	m460	a nightmare on elm street part 2: freddy's revenge	m
u6878	m460	a nightmare on elm street part 2: freddy's revenge	m
u6880	m460	a nightmare on elm street part 2: freddy's revenge	f
u6886	m461	a nightmare on elm street 3: dream warriors	f
u6889	m461	a nightmare on elm street 3: dream warriors	f
u6890	m461	a nightmare on elm street 3: dream warriors	m
u6896	m462	notting hill	f
u6906	m462	notting hill	m
u6909	m462	notting hill	m
u6912	m462	notting hill	m
u6913	m463	one flew over the cuckoo's nest	F
u6914	m463	one flew over the cuckoo's nest	m
u6919	m463	one flew over the cuckoo's nest	m
u6921	m463	one flew over the cuckoo's nest	m
u6927	m463	one flew over the cuckoo's nest	f
u6930	m463	one flew over the cuckoo's nest	m
u6931	m463	one flew over the cuckoo's nest	m
u6932	m463	one flew over the cuckoo's nest	m
u6940	m464	only you	f
u6943	m464	only you	m
u6944	m464	only you	f
u6945	m464	only you	m
u6947	m464	only you	m
u6951	m465	on the waterfront	m
u6953	m465	on the waterfront	f
u6954	m465	on the waterfront	m
u6955	m465	on the waterfront	m
u6961	m465	on the waterfront	m
u6967	m465	on the waterfront	m
u6968	m466	orgy of the dead	m
u6970	m466	orgy of the dead	f
u6971	m466	orgy of the dead	f
u6974	m467	out of sight	f
u6975	m467	out of sight	m
u6976	m467	out of sight	m
u6979	m467	out of sight	m
u6980	m467	out of sight	m
u6981	m467	out of sight	m
u6982	m467	out of sight	m
u6983	m467	out of sight	f
u6986	m467	out of sight	m
u6987	m467	out of sight	m
u6991	m467	out of sight	m
u7000	m468	pearl harbor	m
u7004	m468	pearl harbor	f
u7010	m468	pearl harbor	m
u7016	m469	peggy sue got married	f
u7017	m469	peggy sue got married	m
u7021	m469	peggy sue got married	m
u7022	m469	peggy sue got married	M
u7023	m469	peggy sue got married	f
u7025	m469	peggy sue got married	f
u7026	m469	peggy sue got married	m
u7030	m470	pet sematary ii	m
u7031	m470	pet sematary ii	m
u7037	m471	philadelphia	m
u7039	m471	philadelphia	f
u7042	m471	philadelphia	m
u7046	m471	philadelphia	m
u7047	m471	philadelphia	m
u7055	m472	pitch black	f
u7057	m472	pitch black	m
u7060	m472	pitch black	m
u7063	m473	planet of the apes	m
u7072	m473	planet of the apes	M
u7073	m473	planet of the apes	m
u7078	m474	platoon	m
u7083	m474	platoon	m
u7088	m475	playback	F
u7089	m475	playback	M
u7094	m475	playback	M
u7101	m475	playback	M
u7106	m476	the ploughman's lunch	f
u7110	m476	the ploughman's lunch	m
u7111	m476	the ploughman's lunch	m
u7112	m476	the ploughman's lunch	m
u7116	m476	the ploughman's lunch	f
u7118	m477	point break	m
u7121	m477	point break	m
u7122	m477	point break	f
u7123	m477	point break	m
u7126	m478	predator	m
u7133	m479	pretty woman	m
u7135	m479	pretty woman	f
u7139	m479	pretty woman	m
u7141	m479	pretty woman	m
u7142	m479	pretty woman	f
u7144	m480	the princess bride	f
u7145	m480	the princess bride	m
u7146	m480	the princess bride	m
u7148	m480	the princess bride	m
u7149	m480	the princess bride	m
u7155	m480	the princess bride	m
u7156	m480	the princess bride	m
u7158	m481	the producers	m
u7160	m481	the producers	m
u7165	m481	the producers	m
u7169	m482	psycho	m
u7173	m482	psycho	f
u7175	m482	psycho	F
u7177	m482	psycho	m
u7180	m482	psycho	m
u7202	m485	mystery of the wax museum	f
u7204	m485	mystery of the wax museum	m
u7206	m485	mystery of the wax museum	f
u7211	m485	mystery of the wax museum	m
u7213	m485	mystery of the wax museum	m
u7216	m486	quantum project	f
u7217	m486	quantum project	m
u7220	m487	rambling rose	m
u7221	m487	rambling rose	m
u7222	m487	rambling rose	m
u7223	m487	rambling rose	f
u7224	m487	rambling rose	m
u7226	m487	rambling rose	f
u7227	m487	rambling rose	f
u7229	m487	rambling rose	m
u7234	m488	red white black & blue	M
u7245	m489	star wars: episode vi - return of the jedi	m
u7249	m489	star wars: episode vi - return of the jedi	m
u7255	m490	the rocky horror picture show	m
u7258	m490	the rocky horror picture show	m
u7260	m490	the rocky horror picture show	f
u7264	m491	rocky	f
u7265	m491	rocky	m
u7274	m491	rocky	m
u7276	m491	rocky	f
u7277	m491	rocky	m
u7280	m491	rocky	m
u7283	m491	rocky	m
u7284	m491	rocky	m
u7288	m492	who framed roger rabbit	f
u7289	m492	who framed roger rabbit	m
u7291	m492	who framed roger rabbit	f
u7293	m492	who framed roger rabbit	m
u7294	m492	who framed roger rabbit	m
u7295	m492	who framed roger rabbit	m
u7298	m493	romeo and juliet	m
u7303	m493	romeo and juliet	f
u7305	m493	romeo and juliet	m
u7306	m493	romeo and juliet	f
u7307	m493	romeo and juliet	m
u7311	m494	ronin	f
u7319	m494	ronin	m
u7320	m494	ronin	m
u7323	m494	ronin	m
u7324	m495	route 9	m
u7327	m495	route 9	m
u7328	m495	route 9	m
u7329	m495	route 9	f
u7330	m495	route 9	m
u7333	m495	route 9	f
u7337	m496	rush hour 2	m
u7341	m496	rush hour 2	f
u7343	m496	rush hour 2	m
u7349	m497	rush hour	m
u7352	m497	rush hour	f
u7354	m497	rush hour	m
u7356	m497	rush hour	m
u7364	m498	runaway bride	m
u7366	m498	runaway bride	m
u7367	m498	runaway bride	f
u7370	m498	runaway bride	f
u7372	m499	sleepless in seattle	f
u7373	m499	sleepless in seattle	f
u7374	m499	sleepless in seattle	f
u7377	m499	sleepless in seattle	f
u7381	m499	sleepless in seattle	m
u7384	m499	sleepless in seattle	m
u7389	m499	sleepless in seattle	m
u7394	m500	salt of the earth	f
u7409	m501	the salton sea	f
u7410	m501	the salton sea	m
u7412	m501	the salton sea	m
u7413	m501	the salton sea	m
u7415	m501	the salton sea	f
u7417	m501	the salton sea	m
u7422	m502	saving private ryan	m
u7423	m502	saving private ryan	m
u7424	m502	saving private ryan	m
u7426	m502	saving private ryan	M
u7428	m502	saving private ryan	m
u7434	m503	say anything...	f
u7437	m503	say anything...	f
u7440	m503	say anything...	M
u7442	m503	say anything...	m
u7454	m504	schindler's list	m
u7460	m504	schindler's list	m
u7461	m504	schindler's list	m
u7467	m505	scream 2	f
u7468	m505	scream 2	m
u7469	m505	scream 2	m
u7470	m505	scream 2	f
u7472	m505	scream 2	f
u7484	m505	scream 2	f
u7491	m506	scream 3	m
u7492	m506	scream 3	f
u7493	m506	scream 3	f
u7497	m506	scream 3	f
u7500	m506	scream 3	m
u7502	m507	scream	m
u7503	m507	scream	f
u7504	m507	scream	m
u7506	m507	scream	f
u7510	m507	scream	M
u7513	m507	scream	m
u7514	m507	scream	m
u7515	m507	scream	f
u7516	m507	scream	m
u7517	m507	scream	f
u7518	m508	seven	m
u7521	m508	seven	M
u7522	m508	seven	M
u7524	m508	seven	M
u7526	m508	seven	f
u7531	m509	the searchers	m
u7533	m509	the searchers	m
u7539	m509	the searchers	f
u7542	m509	the searchers	m
u7546	m510	seven days to live	f
u7548	m510	seven days to live	m
u7556	m511	shakespeare in love	m
u7557	m511	shakespeare in love	m
u7569	m511	shakespeare in love	f
u7572	m511	shakespeare in love	m
u7573	m511	shakespeare in love	m
u7574	m512	shallow grave	m
u7576	m512	shallow grave	m
u7579	m512	shallow grave	m
u7580	m512	shallow grave	f
u7582	m512	shallow grave	m
u7586	m513	shampoo	f
u7587	m513	shampoo	f
u7588	m513	shampoo	m
u7589	m513	shampoo	m
u7593	m513	shampoo	f
u7594	m513	shampoo	f
u7597	m513	shampoo	m
u7598	m513	shampoo	f
u7603	m513	shampoo	m
u7608	m514	the shining	m
u7611	m514	the shining	m
u7614	m514	the shining	m
u7617	m514	the shining	m
u7619	m514	the shining	f
u7621	m515	silver bullet	m
u7624	m515	silver bullet	M
u7628	m516	sister act	M
u7629	m516	sister act	m
u7632	m516	sister act	f
u7633	m516	sister act	f
u7635	m516	sister act	f
u7637	m516	sister act	f
u7641	m516	sister act	m
u7645	m517	sleepy hollow	m
u7646	m517	sleepy hollow	m
u7649	m517	sleepy hollow	m
u7650	m517	sleepy hollow	f
u7658	m517	sleepy hollow	m
u7659	m518	sling blade	m
u7662	m518	sling blade	m
u7663	m518	sling blade	m
u7666	m518	sling blade	m
u7667	m518	sling blade	f
u7668	m518	sling blade	f
u7673	m518	sling blade	m
u7674	m518	sling blade	m
u7675	m519	smoke	f
u7676	m519	smoke	m
u7677	m519	smoke	f
u7678	m519	smoke	m
u7682	m519	smoke	m
u7683	m519	smoke	m
u7684	m519	smoke	f
u7686	m519	smoke	m
u7694	m520	snow falling on cedars	f
u7696	m520	snow falling on cedars	m
u7697	m520	snow falling on cedars	m
u7701	m520	snow falling on cedars	m
u7702	m520	snow falling on cedars	m
u7712	m522	some like it hot	m
u7713	m522	some like it hot	m
u7715	m522	some like it hot	m
u7717	m522	some like it hot	m
u7720	m522	some like it hot	m
u7722	m522	some like it hot	f
u7728	m523	the wedding date	m
u7729	m523	the wedding date	f
u7730	m523	the wedding date	m
u7735	m524	sounder	f
u7739	m524	sounder	m
u7748	m524	sounder	m
u7750	m524	sounder	f
u7754	m525	south park: bigger longer & uncut	m
u7761	m525	south park: bigger longer & uncut	m
u7765	m525	south park: bigger longer & uncut	m
u7768	m525	south park: bigger longer & uncut	m
u7769	m525	south park: bigger longer & uncut	m
u7770	m525	south park: bigger longer & uncut	m
u7772	m525	south park: bigger longer & uncut	m
u7777	m526	spacejacked	m
u7779	m526	spacejacked	f
u7784	m526	spacejacked	m
u7786	m526	spacejacked	m
u7791	m527	spare me	m
u7792	m527	spare me	m
u7796	m527	spare me	m
u7800	m527	spare me	f
u7801	m527	spare me	m
u7802	m527	spare me	m
u7805	m528	sphere	m
u7806	m528	sphere	f
u7809	m528	sphere	m
u7811	m528	sphere	m
u7814	m528	sphere	m
u7816	m529	star wars	m
u7821	m529	star wars	m
u7824	m529	star wars	m
u7828	m530	starship troopers	m
u7830	m530	starship troopers	m
u7831	m530	starship troopers	f
u7833	m530	starship troopers	f
u7837	m530	starship troopers	m
u7840	m530	starship troopers	m
u7843	m530	starship troopers	m
u7847	m531	star trek: the motion picture	m
u7849	m531	star trek: the motion picture	m
u7853	m531	star trek: the motion picture	m
u7856	m532	state and main	f
u7860	m532	state and main	m
u7863	m532	state and main	f
u7867	m532	state and main	m
u7869	m532	state and main	M
u7870	m532	state and main	m
u7877	m532	state and main	m
u7878	m533	stepmom	F
u7879	m533	stepmom	m
u7883	m533	stepmom	f
u7884	m533	stepmom	m
u7885	m533	stepmom	F
u7889	m534	storytelling	f
u7890	m534	storytelling	f
u7892	m534	storytelling	m
u7894	m534	storytelling	m
u7895	m534	storytelling	m
u7897	m534	storytelling	f
u7898	m534	storytelling	m
u7900	m534	storytelling	m
u7901	m534	storytelling	f
u7919	m536	dr. strangelove or: how i learned to stop worrying and love the bomb	m
u7920	m536	dr. strangelove or: how i learned to stop worrying and love the bomb	M
u7921	m536	dr. strangelove or: how i learned to stop worrying and love the bomb	M
u7925	m536	dr. strangelove or: how i learned to stop worrying and love the bomb	M
u7926	m536	dr. strangelove or: how i learned to stop worrying and love the bomb	M
u7927	m536	dr. strangelove or: how i learned to stop worrying and love the bomb	M
u7928	m536	dr. strangelove or: how i learned to stop worrying and love the bomb	M
u7931	m537	suburbia	f
u7932	m537	suburbia	m
u7934	m537	suburbia	f
u7936	m537	suburbia	m
u7937	m537	suburbia	m
u7938	m537	suburbia	m
u7940	m537	suburbia	f
u7942	m537	suburbia	m
u7944	m538	sugar & spice	f
u7949	m538	sugar & spice	m
u7950	m538	sugar & spice	f
u7952	m538	sugar & spice	f
u7953	m538	sugar & spice	f
u7955	m539	sunset blvd.	m
u7956	m539	sunset blvd.	f
u7959	m539	sunset blvd.	m
u7962	m539	sunset blvd.	m
u7965	m539	sunset blvd.	f
u7968	m540	supergirl	f
u7970	m540	supergirl	m
u7974	m540	supergirl	f
u7975	m540	supergirl	f
u7977	m540	supergirl	m
u7978	m540	supergirl	f
u7979	m540	supergirl	f
u7980	m540	supergirl	m
u7983	m541	superman iii	m
u7986	m541	superman iii	m
u7988	m541	superman iii	f
u7994	m541	superman iii	m
u7997	m541	superman iii	f
u7998	m542	superman ii	m
u8004	m542	superman ii	f
u8015	m543	superman iv: the quest for peace	m
u8018	m543	superman iv: the quest for peace	f
u8019	m543	superman iv: the quest for peace	m
u8020	m543	superman iv: the quest for peace	m
u8026	m544	superman	m
u8027	m544	superman	f
u8033	m544	superman	f
u8034	m544	superman	m
u8036	m544	superman	m
u8038	m544	superman	m
u8040	m545	the sweet hereafter	m
u8041	m545	the sweet hereafter	f
u8045	m545	the sweet hereafter	m
u8046	m545	the sweet hereafter	f
u8048	m545	the sweet hereafter	f
u8049	m545	the sweet hereafter	m
u8050	m545	the sweet hereafter	m
u8054	m545	the sweet hereafter	m
u8059	m546	sweet smell of success	m
u8062	m546	sweet smell of success	f
u8063	m546	sweet smell of success	f
u8065	m546	sweet smell of success	m
u8066	m546	sweet smell of success	m
u8067	m546	sweet smell of success	f
u8072	m547	terminator 2: judgment day	m
u8074	m547	terminator 2: judgment day	f
u8077	m547	terminator 2: judgment day	m
u8081	m548	taking sides	m
u8083	m548	taking sides	f
u8084	m548	taking sides	M
u8086	m548	taking sides	m
u8088	m548	taking sides	m
u8095	m549	the terminator	m
u8096	m549	the terminator	f
u8103	m550	the game	f
u8104	m550	the game	m
u8107	m550	the game	m
u8110	m550	the game	f
u8114	m550	the game	m
u8119	m551	the haunting	m
u8123	m551	the haunting	f
u8124	m551	the haunting	f
u8126	m552	the limey	f
u8130	m552	the limey	m
u8131	m552	the limey	f
u8137	m552	the limey	m
u8140	m552	the limey	m
u8141	m552	the limey	m
u8142	m552	the limey	m
u8144	m553	the man who wasn't there	f
u8146	m553	the man who wasn't there	m
u8147	m553	the man who wasn't there	m
u8149	m553	the man who wasn't there	f
u8150	m553	the man who wasn't there	m
u8151	m553	the man who wasn't there	m
u8155	m553	the man who wasn't there	m
u8162	m554	the relic	m
u8164	m554	the relic	m
u8170	m554	the relic	f
u8171	m554	the relic	M
u8173	m555	the truman show	m
u8177	m555	the truman show	M
u8179	m555	the truman show	m
u8180	m555	the truman show	f
u8186	m555	the truman show	m
u8196	m556	the x files	m
u8197	m556	the x files	m
u8198	m556	the x files	f
u8201	m556	the x files	m
u8203	m557	the cell	f
u8207	m557	the cell	f
u8208	m557	the cell	m
u8211	m558	the third man	f
u8213	m558	the third man	m
u8215	m558	the third man	m
u8216	m558	the third man	m
u8218	m558	the third man	m
u8221	m558	the third man	m
u8226	m559	the beach	m
u8230	m559	the beach	m
u8236	m560	the believer	f
u8239	m560	the believer	m
u8240	m560	the believer	m
u8244	m560	the believer	m
u8246	m560	the believer	m
u8250	m560	the believer	f
u8258	m561	le grand bleu	m
u8259	m561	le grand bleu	m
u8261	m561	le grand bleu	m
u8262	m561	le grand bleu	f
u8268	m561	le grand bleu	f
u8272	m562	the hebrew hammer	f
u8273	m562	the hebrew hammer	m
u8274	m562	the hebrew hammer	m
u8280	m563	the leopard man	m
u8284	m563	the leopard man	m
u8285	m563	the leopard man	m
u8286	m563	the leopard man	f
u8292	m564	the lost son	f
u8295	m564	the lost son	f
u8297	m564	the lost son	m
u8299	m564	the lost son	f
u8300	m564	the lost son	m
u8304	m564	the lost son	m
u8306	m564	the lost son	f
u8311	m564	the lost son	M
u8315	m565	the messenger	M
u8316	m565	the messenger	M
u8321	m565	the messenger	M
u8322	m565	the messenger	m
u8329	m565	the messenger	F
u8332	m565	the messenger	M
u8333	m565	the messenger	m
u8345	m566	the pianist	m
u8355	m566	the pianist	m
u8358	m567	the piano	m
u8362	m567	the piano	m
u8364	m568	the sting	m
u8366	m568	the sting	m
u8370	m568	the sting	m
u8372	m568	the sting	m
u8375	m568	the sting	m
u8377	m568	the sting	m
u8378	m568	the sting	f
u8391	m569	the thin man	f
u8394	m569	the thin man	m
u8396	m569	the thin man	f
u8398	m569	the thin man	f
u8399	m569	the thin man	m
u8400	m569	the thin man	m
u8401	m569	the thin man	f
u8406	m569	the thin man	f
u8408	m570	three kings	M
u8409	m570	three kings	M
u8410	m570	three kings	f
u8414	m571	thx 1138	f
u8417	m571	thx 1138	m
u8418	m571	thx 1138	m
u8419	m571	thx 1138	m
u8424	m572	ticker	m
u8437	m573	trouble in paradise	m
u8439	m573	trouble in paradise	m
u8440	m573	trouble in paradise	f
u8443	m573	trouble in paradise	f
u8450	m574	titanic	m
u8455	m574	titanic	m
u8462	m574	titanic	f
u8465	m575	transatlantic merry-go-round	f
u8467	m575	transatlantic merry-go-round	m
u8468	m575	transatlantic merry-go-round	m
u8469	m575	transatlantic merry-go-round	m
u8470	m575	transatlantic merry-go-round	m
u8471	m575	transatlantic merry-go-round	f
u8472	m575	transatlantic merry-go-round	m
u8475	m575	transatlantic merry-go-round	f
u8476	m575	transatlantic merry-go-round	M
u8484	m576	tombstone	m
u8487	m576	tombstone	f
u8490	m576	tombstone	f
u8492	m576	tombstone	m
u8496	m576	tombstone	m
u8498	m576	tombstone	m
u8500	m577	tomorrow never dies	m
u8506	m577	tomorrow never dies	M
u8516	m577	tomorrow never dies	M
u8519	m577	tomorrow never dies	m
u8521	m578	to sleep with anger	m
u8523	m578	to sleep with anger	m
u8524	m578	to sleep with anger	m
u8527	m578	to sleep with anger	f
u8533	m578	to sleep with anger	f
u8534	m579	toy story	m
u8536	m579	toy story	m
u8540	m579	toy story	f
u8545	m579	toy story	m
u8546	m580	the magic toyshop	m
u8548	m580	the magic toyshop	f
u8552	m581	traffic	m
u8553	m581	traffic	f
u8557	m581	traffic	m
u8561	m581	traffic	m
u8563	m581	traffic	f
u8570	m581	traffic	m
u8580	m582	trainspotting	f
u8587	m582	trainspotting	m
u8588	m582	trainspotting	m
u8589	m582	trainspotting	m
u8590	m582	trainspotting	m
u8591	m582	trainspotting	m
u8598	m583	star trek v: the final frontier	m
u8602	m583	star trek v: the final frontier	m
u8604	m583	star trek v: the final frontier	m
u8609	m584	tron	m
u8611	m584	tron	m
u8617	m584	tron	m
u8622	m585	true lies	m
u8623	m585	true lies	m
u8624	m585	true lies	f
u8628	m585	true lies	m
u8631	m586	true romance	f
u8633	m586	true romance	m
u8634	m586	true romance	m
u8637	m586	true romance	m
u8638	m586	true romance	m
u8640	m586	true romance	m
u8641	m586	true romance	m
u8645	m586	true romance	m
u8650	m586	true romance	m
u8657	m587	twelve monkeys	m
u8663	m587	twelve monkeys	m
u8666	m587	twelve monkeys	f
u8668	m588	u-turn	M
u8671	m588	u-turn	M
u8674	m588	u-turn	F
u8675	m588	u-turn	M
u8676	m588	u-turn	f
u8677	m588	u-turn	M
u8679	m588	u-turn	M
u8682	m589	u turn	m
u8683	m589	u turn	m
u8685	m589	u turn	m
u8687	m589	u turn	f
u8688	m589	u turn	m
u8689	m589	u turn	f
u8693	m589	u turn	m
u8697	m590	unbreakable	m
u8698	m590	unbreakable	m
u8700	m590	unbreakable	m
u8702	m590	unbreakable	f
u8709	m591	unforgiven	f
u8712	m591	unforgiven	m
u8713	m591	unforgiven	f
u8714	m591	unforgiven	m
u8715	m591	unforgiven	m
u8716	m591	unforgiven	m
u8717	m591	unforgiven	M
u8718	m591	unforgiven	m
u8719	m591	unforgiven	F
u8725	m592	the usual suspects	m
u8728	m592	the usual suspects	m
u8732	m592	the usual suspects	m
u8744	m593	verdict	M
u8748	m593	verdict	f
u8749	m593	verdict	F
u8752	m593	verdict	M
u8759	m594	vertigo	f
u8761	m594	vertigo	f
u8762	m594	vertigo	f
u8764	m594	vertigo	f
u8767	m594	vertigo	m
u8768	m595	very bad things	m
u8770	m595	very bad things	m
u8771	m595	very bad things	m
u8773	m595	very bad things	F
u8776	m595	very bad things	M
u8777	m595	very bad things	m
u8782	m596	viridiana	m
u8786	m596	viridiana	m
u8797	m596	viridiana	f
u8801	m597	virtuosity	m
u8802	m597	virtuosity	f
u8803	m597	virtuosity	m
u8805	m597	virtuosity	m
u8808	m598	wag the dog	f
u8810	m598	wag the dog	m
u8819	m598	wag the dog	M
u8830	m599	wall street	m
u8831	m599	wall street	m
u8834	m599	wall street	f
u8836	m599	wall street	m
u8840	m599	wall street	m
u8843	m599	wall street	f
u8858	m601	what lies beneath	f
u8859	m601	what lies beneath	f
u8860	m601	what lies beneath	m
u8862	m601	what lies beneath	f
u8864	m601	what lies beneath	f
u8867	m601	what lies beneath	m
u8872	m603	the witching hour	F
u8879	m603	the witching hour	M
u8880	m603	the witching hour	M
u8885	m604	white angel	f
u8889	m604	white angel	m
u8891	m605	who's your daddy?	M
u8893	m605	who's your daddy?	m
u8894	m605	who's your daddy?	f
u8898	m605	who's your daddy?	m
u8899	m605	who's your daddy?	F
u8900	m605	who's your daddy?	f
u8902	m605	who's your daddy?	M
u8904	m605	who's your daddy?	M
u8909	m606	wild things	f
u8912	m606	wild things	f
u8914	m606	wild things	m
u8916	m606	wild things	m
u8918	m606	wild things	f
u8919	m607	wild wild west	m
u8920	m607	wild wild west	f
u8923	m607	wild wild west	M
u8924	m607	wild wild west	m
u8931	m608	willow	m
u8933	m608	willow	f
u8937	m608	willow	m
u8938	m609	witness	m
u8941	m609	witness	m
u8945	m609	witness	f
u8946	m609	witness	m
u8947	m609	witness	m
u8950	m610	the wizard of oz	f
u8951	m610	the wizard of oz	f
u8954	m610	the wizard of oz	m
u8958	m610	the wizard of oz	m
u8959	m610	the wizard of oz	m
u8960	m610	the wizard of oz	m
u8965	m611	the world is not enough	m
u8966	m611	the world is not enough	f
u8968	m611	the world is not enough	f
u8970	m611	the world is not enough	m
u8974	m611	the world is not enough	m
u8979	m612	watchmen	m
u8980	m612	watchmen	m
u8985	m612	watchmen	f
u8988	m612	watchmen	m
u8990	m612	watchmen	m
u8991	m613	xxx	m
u8994	m613	xxx	F
u9000	m613	xxx	m
u9001	m613	xxx	m
u9015	m615	young frankenstein	f
u9017	m615	young frankenstein	M
u9019	m615	young frankenstein	m
u9020	m615	young frankenstein	f
u9022	m615	young frankenstein	m
